Product ID,Product Name,Category,Warehouse,Location,Quantity,Price,Supplier,Status,Last Restocked,Inventory Value,Stock Score
1102,Gadget Y,Electronics,Warehouse 2,Aisle 1,300.0,9.99,Supplier C,In Stock,Not Available,2997.0,1.0
1435,Gadget Y,Electronics,Warehouse 2,Aisle 4,200.0,19.99,Supplier C,Out of Stock,Not Available,3997.9999999999995,0.0
1860,Widget A,Clothing,Warehouse 2,Aisle 3,100.0,19.99,Supplier B,In Stock,20-12-2022,1998.9999999999998,1.0
1270,Gadget Z,Toys,Warehouse 2,Aisle 4,50.0,49.99,Supplier B,In Stock,20-12-2022,2499.5,1.0
1106,Widget A,Furniture,Warehouse 3,Aisle 3,200.0,9.99,Supplier D,Out of Stock,25-04-2023,1998.0,0.0
1071,Widget B,Clothing,Warehouse 3,Aisle 5,300.0,29.99,Supplier A,In Stock,20-12-2022,8997.0,1.0
1700,Widget A,Clothing,Warehouse 2,Aisle 2,200.0,49.99,Supplier B,In Stock,20-12-2022,9998.0,1.0
1020,Widget C,Clothing,Warehouse 1,Aisle 5,200.0,9.99,Supplier D,Out of Stock,20-12-2022,1998.0,0.0
1614,Gadget Y,Electronics,Warehouse 3,Aisle 3,300.0,9.99,Supplier B,Out of Stock,05-03-2023,2997.0,0.0
1121,Widget B,Toys,Warehouse 1,Aisle 2,50.0,19.99,Supplier C,Out of Stock,20-12-2022,999.4999999999999,0.0
1466,Widget A,Clothing,Warehouse 3,Aisle 1,150.0,49.99,Supplier B,In Stock,15-01-2023,7498.5,1.0
1214,Gadget Z,Furniture,Warehouse 2,Aisle 1,50.0,9.99,Supplier A,Low Stock,15-01-2023,499.5,0.5
1330,Widget C,Toys,Warehouse 3,Aisle 4,150.0,9.99,Supplier B,In Stock,25-04-2023,1498.5,1.0
1458,Widget C,Furniture,Warehouse 2,Aisle 3,300.0,49.99,Supplier A,Low Stock,05-03-2023,14997.0,0.5
1087,Widget A,Toys,Warehouse 3,Aisle 3,50.0,29.99,Supplier C,Out of Stock,15-01-2023,1499.5,0.0
1372,Gadget Y,Furniture,Warehouse 2,Aisle 1,200.0,49.99,Supplier A,Low Stock,05-03-2023,9998.0,0.5
1099,Widget A,Electronics,Warehouse 2,Aisle 5,300.0,49.99,Supplier B,Out of Stock,05-03-2023,14997.0,0.0
1871,Widget B,Clothing,Warehouse 2,Aisle 2,100.0,29.99,Supplier D,Out of Stock,25-04-2023,2999.0,0.0
1663,Widget A,Furniture,Warehouse 2,Aisle 5,50.0,49.99,Supplier C,Low Stock,05-03-2023,2499.5,0.5
1130,Widget C,Toys,Warehouse 1,Aisle 5,300.0,9.99,Supplier B,Out of Stock,20-12-2022,2997.0,0.0
1661,Widget A,Clothing,Warehouse 2,Aisle 1,50.0,49.99,Supplier C,Low Stock,05-03-2023,2499.5,0.5
1308,Gadget Y,Clothing,Warehouse 1,Aisle 1,300.0,29.99,Supplier C,Out of Stock,25-04-2023,8997.0,0.0
1769,Gadget Z,Toys,Warehouse 1,Aisle 1,200.0,29.99,Supplier B,In Stock,25-04-2023,5998.0,1.0
1343,Gadget X,Furniture,Warehouse 2,Aisle 4,100.0,49.99,Supplier B,In Stock,25-04-2023,4999.0,1.0
1491,Widget A,Electronics,Warehouse 1,Aisle 5,100.0,19.99,Supplier D,Out of Stock,15-01-2023,1998.9999999999998,0.0
1413,Gadget Y,Electronics,Warehouse 3,Aisle 3,150.0,9.99,Supplier C,Out of Stock,20-12-2022,1498.5,0.0
1805,Gadget Y,Furniture,Warehouse 2,Aisle 2,300.0,9.99,Supplier C,Low Stock,15-01-2023,2997.0,0.5
1385,Gadget Z,Clothing,Warehouse 1,Aisle 4,50.0,19.99,Supplier B,In Stock,Not Available,999.4999999999999,1.0
1191,Widget C,Clothing,Warehouse 2,Aisle 3,100.0,19.99,Supplier A,Low Stock,20-12-2022,1998.9999999999998,0.5
1955,Gadget Y,Clothing,Warehouse 2,Aisle 5,100.0,49.99,Supplier B,Out of Stock,05-03-2023,4999.0,0.0
1276,Gadget Y,Clothing,Warehouse 2,Aisle 1,150.0,19.99,Supplier C,Out of Stock,25-04-2023,2998.4999999999995,0.0
1160,Gadget Y,Furniture,Warehouse 1,Aisle 5,150.0,29.99,Supplier B,Low Stock,Not Available,4498.5,0.5
1459,Gadget Y,Clothing,Warehouse 3,Aisle 2,100.0,29.99,Supplier D,Out of Stock,20-12-2022,2999.0,0.0
1313,Widget B,Toys,Warehouse 3,Aisle 4,300.0,19.99,Supplier A,In Stock,15-01-2023,5996.999999999999,1.0
1021,Widget B,Clothing,Warehouse 1,Aisle 4,150.0,19.99,Supplier B,Low Stock,25-04-2023,2998.4999999999995,0.5
1252,Widget C,Electronics,Warehouse 2,Aisle 2,100.0,29.99,Supplier D,In Stock,15-01-2023,2999.0,1.0
1747,Widget A,Clothing,Warehouse 1,Aisle 3,200.0,9.99,Supplier C,In Stock,20-12-2022,1998.0,1.0
1856,Gadget Y,Furniture,Warehouse 1,Aisle 3,50.0,9.99,Supplier B,In Stock,20-12-2022,499.5,1.0
1560,Gadget Z,Electronics,Warehouse 1,Aisle 4,150.0,49.99,Supplier C,Low Stock,Not Available,7498.5,0.5
1474,Widget A,Furniture,Warehouse 2,Aisle 4,200.0,29.99,Supplier D,Out of Stock,05-03-2023,5998.0,0.0
1058,Gadget Z,Furniture,Warehouse 1,Aisle 1,150.0,29.99,Supplier C,In Stock,15-01-2023,4498.5,1.0
1510,Widget A,Electronics,Warehouse 2,Aisle 3,200.0,29.99,Supplier D,In Stock,Not Available,5998.0,1.0
1681,Widget C,Furniture,Warehouse 1,Aisle 2,50.0,29.99,Supplier D,In Stock,25-04-2023,1499.5,1.0
1475,Gadget Y,Furniture,Warehouse 3,Aisle 3,50.0,29.99,Supplier D,Out of Stock,05-03-2023,1499.5,0.0
1699,Gadget Y,Clothing,Warehouse 1,Aisle 1,150.0,9.99,Supplier B,Out of Stock,Not Available,1498.5,0.0
1975,Gadget X,Toys,Warehouse 1,Aisle 4,300.0,29.99,Supplier C,Low Stock,15-01-2023,8997.0,0.5
1782,Gadget Z,Furniture,Warehouse 3,Aisle 4,200.0,29.99,Supplier C,Out of Stock,20-12-2022,5998.0,0.0
1189,Widget A,Furniture,Warehouse 2,Aisle 1,150.0,29.99,Supplier A,Low Stock,25-04-2023,4498.5,0.5
1957,Widget A,Furniture,Warehouse 2,Aisle 2,200.0,29.99,Supplier A,Low Stock,15-01-2023,5998.0,0.5
1686,Widget B,Clothing,Warehouse 1,Aisle 4,150.0,29.99,Supplier A,Low Stock,05-03-2023,4498.5,0.5
1957,Gadget X,Toys,Warehouse 3,Aisle 5,50.0,19.99,Supplier A,Low Stock,05-03-2023,999.4999999999999,0.5
1562,Widget B,Electronics,Warehouse 2,Aisle 4,150.0,29.99,Supplier C,Low Stock,20-12-2022,4498.5,0.5
1875,Widget B,Clothing,Warehouse 1,Aisle 5,150.0,49.99,Supplier D,In Stock,20-12-2022,7498.5,1.0
1566,Widget B,Clothing,Warehouse 3,Aisle 1,200.0,49.99,Supplier D,Out of Stock,25-04-2023,9998.0,0.0
1243,Gadget Z,Toys,Warehouse 2,Aisle 1,200.0,9.99,Supplier B,In Stock,25-04-2023,1998.0,1.0
1831,Gadget Z,Toys,Warehouse 2,Aisle 4,300.0,29.99,Supplier D,Low Stock,20-12-2022,8997.0,0.5
1504,Widget C,Clothing,Warehouse 3,Aisle 3,50.0,19.99,Supplier C,Out of Stock,20-12-2022,999.4999999999999,0.0
1130,Widget C,Electronics,Warehouse 3,Aisle 5,200.0,9.99,Supplier C,In Stock,05-03-2023,1998.0,1.0
1484,Widget B,Clothing,Warehouse 3,Aisle 2,100.0,29.99,Supplier C,In Stock,20-12-2022,2999.0,1.0
1818,Gadget X,Toys,Warehouse 3,Aisle 4,150.0,29.99,Supplier B,Low Stock,Not Available,4498.5,0.5
1646,Widget A,Electronics,Warehouse 1,Aisle 2,150.0,49.99,Supplier A,In Stock,15-01-2023,7498.5,1.0
1020,Gadget Z,Toys,Warehouse 3,Aisle 4,300.0,19.99,Supplier D,In Stock,20-12-2022,5996.999999999999,1.0
1840,Gadget X,Electronics,Warehouse 2,Aisle 3,150.0,49.99,Supplier C,In Stock,25-04-2023,7498.5,1.0
1166,Gadget Y,Furniture,Warehouse 2,Aisle 3,50.0,29.99,Supplier C,In Stock,Not Available,1499.5,1.0
1273,Gadget Z,Toys,Warehouse 1,Aisle 3,300.0,29.99,Supplier A,In Stock,25-04-2023,8997.0,1.0
1387,Gadget Z,Toys,Warehouse 2,Aisle 3,150.0,29.99,Supplier C,Low Stock,Not Available,4498.5,0.5
1600,Widget C,Clothing,Warehouse 2,Aisle 1,150.0,29.99,Supplier D,Low Stock,20-12-2022,4498.5,0.5
1315,Widget A,Toys,Warehouse 3,Aisle 1,100.0,49.99,Supplier B,In Stock,15-01-2023,4999.0,1.0
1013,Widget A,Toys,Warehouse 2,Aisle 5,50.0,19.99,Supplier C,Low Stock,25-04-2023,999.4999999999999,0.5
1241,Gadget Y,Furniture,Warehouse 1,Aisle 2,300.0,29.99,Supplier D,Low Stock,Not Available,8997.0,0.5
1776,Gadget Y,Toys,Warehouse 3,Aisle 4,300.0,49.99,Supplier C,Out of Stock,05-03-2023,14997.0,0.0
1345,Gadget Z,Furniture,Warehouse 3,Aisle 4,200.0,19.99,Supplier A,In Stock,20-12-2022,3997.9999999999995,1.0
1564,Widget B,Furniture,Warehouse 1,Aisle 1,100.0,29.99,Supplier C,Low Stock,15-01-2023,2999.0,0.5
1897,Widget C,Furniture,Warehouse 3,Aisle 4,100.0,29.99,Supplier C,Low Stock,20-12-2022,2999.0,0.5
1339,Widget C,Furniture,Warehouse 3,Aisle 1,300.0,9.99,Supplier B,In Stock,05-03-2023,2997.0,1.0
1091,Gadget Z,Electronics,Warehouse 1,Aisle 5,300.0,49.99,Supplier A,Out of Stock,15-01-2023,14997.0,0.0
1366,Gadget X,Clothing,Warehouse 3,Aisle 2,150.0,19.99,Supplier A,In Stock,05-03-2023,2998.4999999999995,1.0
1955,Widget B,Electronics,Warehouse 1,Aisle 5,150.0,29.99,Supplier B,Out of Stock,20-12-2022,4498.5,0.0
1454,Gadget Z,Toys,Warehouse 1,Aisle 3,150.0,29.99,Supplier C,In Stock,Not Available,4498.5,1.0
1427,Widget B,Electronics,Warehouse 2,Aisle 3,100.0,19.99,Supplier D,In Stock,20-12-2022,1998.9999999999998,1.0
1508,Widget B,Electronics,Warehouse 2,Aisle 3,200.0,49.99,Supplier A,In Stock,20-12-2022,9998.0,1.0
1775,Widget B,Toys,Warehouse 3,Aisle 5,150.0,9.99,Supplier A,In Stock,20-12-2022,1498.5,1.0
1942,Gadget Z,Toys,Warehouse 3,Aisle 4,150.0,29.99,Supplier C,Out of Stock,25-04-2023,4498.5,0.0
1034,Widget C,Toys,Warehouse 1,Aisle 2,200.0,19.99,Supplier C,Out of Stock,05-03-2023,3997.9999999999995,0.0
1205,Widget C,Electronics,Warehouse 3,Aisle 3,50.0,19.99,Supplier A,Low Stock,05-03-2023,999.4999999999999,0.5
1080,Widget B,Electronics,Warehouse 1,Aisle 3,150.0,19.99,Supplier C,In Stock,05-03-2023,2998.4999999999995,1.0
1931,Gadget X,Toys,Warehouse 1,Aisle 3,150.0,49.99,Supplier D,Out of Stock,25-04-2023,7498.5,0.0
1561,Widget A,Clothing,Warehouse 3,Aisle 2,50.0,49.99,Supplier A,Out of Stock,Not Available,2499.5,0.0
1871,Gadget Z,Clothing,Warehouse 1,Aisle 3,50.0,49.99,Supplier D,Out of Stock,20-12-2022,2499.5,0.0
1387,Widget A,Furniture,Warehouse 2,Aisle 2,150.0,29.99,Supplier D,In Stock,Not Available,4498.5,1.0
1001,Gadget X,Toys,Warehouse 3,Aisle 3,150.0,19.99,Supplier C,Low Stock,25-04-2023,2998.4999999999995,0.5
1389,Gadget Z,Furniture,Warehouse 2,Aisle 5,100.0,29.99,Supplier D,Out of Stock,05-03-2023,2999.0,0.0
1565,Widget B,Clothing,Warehouse 3,Aisle 5,150.0,49.99,Supplier C,In Stock,20-12-2022,7498.5,1.0
1105,Widget C,Furniture,Warehouse 1,Aisle 2,150.0,49.99,Supplier B,Out of Stock,15-01-2023,7498.5,0.0
1771,Widget A,Toys,Warehouse 3,Aisle 5,150.0,19.99,Supplier C,Out of Stock,15-01-2023,2998.4999999999995,0.0
1821,Gadget Y,Toys,Warehouse 2,Aisle 2,50.0,49.99,Supplier D,Low Stock,Not Available,2499.5,0.5
1476,Gadget Y,Toys,Warehouse 1,Aisle 5,200.0,29.99,Supplier B,Out of Stock,05-03-2023,5998.0,0.0
1702,Gadget X,Electronics,Warehouse 3,Aisle 5,100.0,29.99,Supplier C,Out of Stock,15-01-2023,2999.0,0.0
1401,Widget B,Furniture,Warehouse 3,Aisle 2,150.0,49.99,Supplier D,In Stock,Not Available,7498.5,1.0
1729,Widget A,Clothing,Warehouse 3,Aisle 4,150.0,19.99,Supplier A,In Stock,25-04-2023,2998.4999999999995,1.0
1555,Widget B,Clothing,Warehouse 2,Aisle 5,200.0,19.99,Supplier A,Low Stock,Not Available,3997.9999999999995,0.5
1161,Widget A,Clothing,Warehouse 2,Aisle 3,150.0,19.99,Supplier C,In Stock,Not Available,2998.4999999999995,1.0
1201,Gadget X,Electronics,Warehouse 3,Aisle 4,100.0,9.99,Supplier C,In Stock,Not Available,999.0,1.0
1957,Gadget X,Electronics,Warehouse 1,Aisle 2,150.0,49.99,Supplier A,Low Stock,20-12-2022,7498.5,0.5
1995,Gadget Y,Toys,Warehouse 1,Aisle 4,300.0,19.99,Supplier D,Out of Stock,Not Available,5996.999999999999,0.0
1269,Widget B,Clothing,Warehouse 2,Aisle 1,150.0,29.99,Supplier D,Low Stock,Not Available,4498.5,0.5
1862,Gadget Z,Electronics,Warehouse 1,Aisle 1,150.0,29.99,Supplier D,In Stock,20-12-2022,4498.5,1.0
1815,Gadget Y,Toys,Warehouse 2,Aisle 5,300.0,29.99,Supplier C,Low Stock,20-12-2022,8997.0,0.5
1270,Widget B,Clothing,Warehouse 3,Aisle 5,200.0,19.99,Supplier B,Out of Stock,25-04-2023,3997.9999999999995,0.0
1455,Gadget Y,Furniture,Warehouse 2,Aisle 3,100.0,29.99,Supplier B,Low Stock,05-03-2023,2999.0,0.5
1461,Gadget Z,Toys,Warehouse 2,Aisle 4,200.0,29.99,Supplier B,In Stock,15-01-2023,5998.0,1.0
1726,Widget C,Electronics,Warehouse 3,Aisle 1,200.0,9.99,Supplier B,In Stock,15-01-2023,1998.0,1.0
1251,Widget C,Electronics,Warehouse 1,Aisle 5,100.0,29.99,Supplier B,Low Stock,Not Available,2999.0,0.5
1701,Widget C,Toys,Warehouse 2,Aisle 4,100.0,29.99,Supplier C,Out of Stock,25-04-2023,2999.0,0.0
1295,Widget C,Toys,Warehouse 2,Aisle 5,150.0,9.99,Supplier C,Low Stock,Not Available,1498.5,0.5
1724,Widget A,Electronics,Warehouse 3,Aisle 5,150.0,9.99,Supplier B,Out of Stock,15-01-2023,1498.5,0.0
1719,Widget C,Furniture,Warehouse 1,Aisle 1,100.0,29.99,Supplier C,Out of Stock,20-12-2022,2999.0,0.0
1748,Gadget Z,Clothing,Warehouse 2,Aisle 1,300.0,49.99,Supplier C,Low Stock,05-03-2023,14997.0,0.5
1337,Gadget X,Furniture,Warehouse 3,Aisle 5,50.0,29.99,Supplier B,Out of Stock,25-04-2023,1499.5,0.0
1878,Gadget X,Toys,Warehouse 2,Aisle 2,150.0,9.99,Supplier D,In Stock,20-12-2022,1498.5,1.0
1052,Widget A,Furniture,Warehouse 3,Aisle 5,50.0,29.99,Supplier C,Low Stock,05-03-2023,1499.5,0.5
1791,Widget C,Electronics,Warehouse 1,Aisle 5,300.0,29.99,Supplier D,Out of Stock,25-04-2023,8997.0,0.0
1921,Widget C,Toys,Warehouse 1,Aisle 3,100.0,49.99,Supplier C,In Stock,25-04-2023,4999.0,1.0
1216,Widget C,Clothing,Warehouse 1,Aisle 3,300.0,29.99,Supplier C,Low Stock,15-01-2023,8997.0,0.5
1763,Gadget Y,Electronics,Warehouse 1,Aisle 3,150.0,19.99,Supplier B,In Stock,20-12-2022,2998.4999999999995,1.0
1187,Widget B,Electronics,Warehouse 2,Aisle 2,200.0,29.99,Supplier C,In Stock,25-04-2023,5998.0,1.0
1379,Gadget Y,Clothing,Warehouse 2,Aisle 2,100.0,9.99,Supplier A,In Stock,25-04-2023,999.0,1.0
1492,Widget B,Clothing,Warehouse 1,Aisle 5,150.0,29.99,Supplier A,Out of Stock,05-03-2023,4498.5,0.0
1040,Widget C,Furniture,Warehouse 1,Aisle 3,50.0,29.99,Supplier B,Low Stock,15-01-2023,1499.5,0.5
1156,Widget C,Toys,Warehouse 1,Aisle 2,300.0,9.99,Supplier D,Low Stock,Not Available,2997.0,0.5
1014,Gadget Y,Clothing,Warehouse 2,Aisle 1,100.0,19.99,Supplier D,Out of Stock,15-01-2023,1998.9999999999998,0.0
1812,Gadget Y,Clothing,Warehouse 1,Aisle 5,300.0,9.99,Supplier D,Low Stock,Not Available,2997.0,0.5
1064,Widget B,Toys,Warehouse 1,Aisle 4,100.0,29.99,Supplier A,In Stock,20-12-2022,2999.0,1.0
1856,Gadget X,Clothing,Warehouse 1,Aisle 5,150.0,9.99,Supplier D,Low Stock,20-12-2022,1498.5,0.5
1838,Widget B,Clothing,Warehouse 3,Aisle 4,150.0,9.99,Supplier D,Out of Stock,25-04-2023,1498.5,0.0
1520,Gadget Y,Furniture,Warehouse 1,Aisle 3,150.0,19.99,Supplier B,In Stock,20-12-2022,2998.4999999999995,1.0
1343,Gadget Z,Electronics,Warehouse 3,Aisle 4,300.0,29.99,Supplier D,Out of Stock,25-04-2023,8997.0,0.0
1128,Gadget Y,Electronics,Warehouse 3,Aisle 3,150.0,49.99,Supplier A,In Stock,15-01-2023,7498.5,1.0
1647,Gadget Z,Electronics,Warehouse 1,Aisle 1,150.0,49.99,Supplier A,In Stock,20-12-2022,7498.5,1.0
1471,Widget A,Electronics,Warehouse 3,Aisle 4,100.0,29.99,Supplier A,Low Stock,15-01-2023,2999.0,0.5
1062,Gadget Y,Clothing,Warehouse 1,Aisle 5,150.0,9.99,Supplier B,In Stock,15-01-2023,1498.5,1.0
1138,Widget A,Toys,Warehouse 2,Aisle 3,200.0,29.99,Supplier B,Out of Stock,20-12-2022,5998.0,0.0
1498,Gadget X,Toys,Warehouse 2,Aisle 5,150.0,19.99,Supplier C,Low Stock,15-01-2023,2998.4999999999995,0.5
1592,Widget B,Furniture,Warehouse 2,Aisle 2,300.0,49.99,Supplier D,Out of Stock,20-12-2022,14997.0,0.0
1391,Gadget Z,Furniture,Warehouse 2,Aisle 3,150.0,9.99,Supplier B,In Stock,20-12-2022,1498.5,1.0
1674,Widget B,Clothing,Warehouse 3,Aisle 4,200.0,19.99,Supplier A,Out of Stock,20-12-2022,3997.9999999999995,0.0
1418,Widget A,Toys,Warehouse 1,Aisle 3,300.0,19.99,Supplier A,Out of Stock,Not Available,5996.999999999999,0.0
1288,Gadget Z,Toys,Warehouse 1,Aisle 5,300.0,9.99,Supplier B,In Stock,15-01-2023,2997.0,1.0
1378,Widget B,Electronics,Warehouse 1,Aisle 1,300.0,19.99,Supplier B,Low Stock,05-03-2023,5996.999999999999,0.5
1772,Gadget Y,Clothing,Warehouse 2,Aisle 3,100.0,9.99,Supplier B,Out of Stock,20-12-2022,999.0,0.0
1489,Widget C,Clothing,Warehouse 2,Aisle 4,300.0,9.99,Supplier C,In Stock,15-01-2023,2997.0,1.0
1230,Widget A,Electronics,Warehouse 1,Aisle 2,100.0,29.99,Supplier A,Low Stock,25-04-2023,2999.0,0.5
1040,Widget B,Clothing,Warehouse 2,Aisle 1,300.0,29.99,Supplier C,Low Stock,20-12-2022,8997.0,0.5
1027,Widget A,Clothing,Warehouse 1,Aisle 2,50.0,19.99,Supplier C,Low Stock,20-12-2022,999.4999999999999,0.5
1134,Widget A,Furniture,Warehouse 1,Aisle 3,200.0,19.99,Supplier D,Out of Stock,05-03-2023,3997.9999999999995,0.0
1200,Gadget Z,Toys,Warehouse 1,Aisle 5,50.0,29.99,Supplier A,Out of Stock,Not Available,1499.5,0.0
1839,Gadget Z,Clothing,Warehouse 1,Aisle 5,300.0,29.99,Supplier A,Out of Stock,Not Available,8997.0,0.0
1779,Widget C,Furniture,Warehouse 1,Aisle 4,200.0,29.99,Supplier B,Low Stock,20-12-2022,5998.0,0.5
1929,Gadget Y,Toys,Warehouse 1,Aisle 5,200.0,49.99,Supplier B,Out of Stock,15-01-2023,9998.0,0.0
1032,Widget A,Electronics,Warehouse 1,Aisle 1,150.0,49.99,Supplier D,In Stock,25-04-2023,7498.5,1.0
1047,Widget B,Furniture,Warehouse 2,Aisle 5,50.0,49.99,Supplier C,Out of Stock,25-04-2023,2499.5,0.0
1502,Gadget X,Furniture,Warehouse 1,Aisle 4,150.0,9.99,Supplier B,Out of Stock,15-01-2023,1498.5,0.0
1406,Widget A,Toys,Warehouse 1,Aisle 3,200.0,19.99,Supplier B,Low Stock,20-12-2022,3997.9999999999995,0.5
1573,Widget A,Electronics,Warehouse 2,Aisle 3,100.0,29.99,Supplier A,Out of Stock,25-04-2023,2999.0,0.0
1727,Widget C,Furniture,Warehouse 2,Aisle 5,200.0,9.99,Supplier A,In Stock,Not Available,1998.0,1.0
1804,Gadget Y,Clothing,Warehouse 2,Aisle 2,150.0,19.99,Supplier B,Low Stock,15-01-2023,2998.4999999999995,0.5
1098,Gadget X,Clothing,Warehouse 1,Aisle 3,50.0,19.99,Supplier A,In Stock,05-03-2023,999.4999999999999,1.0
1683,Gadget Z,Clothing,Warehouse 3,Aisle 5,300.0,29.99,Supplier D,Low Stock,20-12-2022,8997.0,0.5
1871,Gadget Z,Electronics,Warehouse 3,Aisle 4,300.0,29.99,Supplier B,Low Stock,15-01-2023,8997.0,0.5
1725,Widget B,Furniture,Warehouse 2,Aisle 5,50.0,9.99,Supplier A,Out of Stock,25-04-2023,499.5,0.0
1986,Gadget X,Clothing,Warehouse 3,Aisle 3,300.0,29.99,Supplier D,In Stock,20-12-2022,8997.0,1.0
1546,Gadget Z,Electronics,Warehouse 2,Aisle 4,300.0,19.99,Supplier A,Low Stock,Not Available,5996.999999999999,0.5
1960,Widget B,Clothing,Warehouse 1,Aisle 5,150.0,29.99,Supplier A,Out of Stock,20-12-2022,4498.5,0.0
1738,Gadget Y,Toys,Warehouse 3,Aisle 1,50.0,49.99,Supplier A,Low Stock,20-12-2022,2499.5,0.5
1612,Widget B,Furniture,Warehouse 1,Aisle 4,150.0,29.99,Supplier B,Low Stock,Not Available,4498.5,0.5
1942,Gadget Z,Furniture,Warehouse 3,Aisle 1,100.0,19.99,Supplier C,Low Stock,Not Available,1998.9999999999998,0.5
1461,Widget C,Electronics,Warehouse 1,Aisle 2,100.0,9.99,Supplier A,Low Stock,20-12-2022,999.0,0.5
1642,Widget C,Electronics,Warehouse 3,Aisle 4,300.0,29.99,Supplier D,Low Stock,Not Available,8997.0,0.5
1768,Widget C,Furniture,Warehouse 1,Aisle 1,100.0,29.99,Supplier B,Low Stock,15-01-2023,2999.0,0.5
1004,Gadget Z,Clothing,Warehouse 1,Aisle 3,50.0,19.99,Supplier B,Out of Stock,Not Available,999.4999999999999,0.0
1217,Widget C,Clothing,Warehouse 3,Aisle 3,50.0,29.99,Supplier D,Low Stock,Not Available,1499.5,0.5
1502,Gadget X,Toys,Warehouse 1,Aisle 2,200.0,29.99,Supplier A,In Stock,20-12-2022,5998.0,1.0
1766,Gadget Y,Clothing,Warehouse 1,Aisle 4,200.0,49.99,Supplier C,Out of Stock,15-01-2023,9998.0,0.0
1397,Widget B,Electronics,Warehouse 1,Aisle 4,100.0,29.99,Supplier A,In Stock,05-03-2023,2999.0,1.0
1870,Widget B,Electronics,Warehouse 3,Aisle 4,150.0,19.99,Supplier D,Low Stock,05-03-2023,2998.4999999999995,0.5
1794,Gadget Z,Clothing,Warehouse 3,Aisle 2,200.0,19.99,Supplier B,In Stock,25-04-2023,3997.9999999999995,1.0
1392,Widget C,Electronics,Warehouse 1,Aisle 4,200.0,29.99,Supplier C,Low Stock,Not Available,5998.0,0.5
1206,Widget C,Furniture,Warehouse 1,Aisle 3,50.0,29.99,Supplier B,Low Stock,Not Available,1499.5,0.5
1014,Widget A,Furniture,Warehouse 3,Aisle 1,150.0,29.99,Supplier D,Out of Stock,15-01-2023,4498.5,0.0
1857,Gadget Y,Clothing,Warehouse 3,Aisle 3,300.0,29.99,Supplier A,Out of Stock,05-03-2023,8997.0,0.0
1553,Gadget X,Furniture,Warehouse 1,Aisle 3,100.0,29.99,Supplier C,Low Stock,25-04-2023,2999.0,0.5
1891,Widget B,Furniture,Warehouse 1,Aisle 1,200.0,49.99,Supplier B,Out of Stock,15-01-2023,9998.0,0.0
1460,Widget A,Toys,Warehouse 1,Aisle 3,150.0,29.99,Supplier B,In Stock,Not Available,4498.5,1.0
1690,Widget A,Toys,Warehouse 2,Aisle 2,150.0,9.99,Supplier B,Out of Stock,05-03-2023,1498.5,0.0
1574,Gadget Z,Furniture,Warehouse 3,Aisle 1,100.0,49.99,Supplier A,Out of Stock,25-04-2023,4999.0,0.0
1863,Widget B,Clothing,Warehouse 2,Aisle 3,150.0,9.99,Supplier C,In Stock,20-12-2022,1498.5,1.0
1742,Gadget Z,Toys,Warehouse 3,Aisle 5,150.0,29.99,Supplier A,Out of Stock,05-03-2023,4498.5,0.0
1240,Gadget X,Electronics,Warehouse 3,Aisle 3,150.0,49.99,Supplier A,Low Stock,25-04-2023,7498.5,0.5
1563,Widget A,Electronics,Warehouse 3,Aisle 2,200.0,49.99,Supplier A,In Stock,15-01-2023,9998.0,1.0
1095,Widget A,Electronics,Warehouse 3,Aisle 4,100.0,19.99,Supplier D,Low Stock,20-12-2022,1998.9999999999998,0.5
1899,Gadget Y,Clothing,Warehouse 3,Aisle 3,150.0,29.99,Supplier D,In Stock,25-04-2023,4498.5,1.0
1733,Gadget X,Furniture,Warehouse 3,Aisle 4,150.0,29.99,Supplier D,Low Stock,25-04-2023,4498.5,0.5
1484,Widget A,Electronics,Warehouse 3,Aisle 5,200.0,49.99,Supplier C,Low Stock,Not Available,9998.0,0.5
1406,Gadget X,Clothing,Warehouse 2,Aisle 3,100.0,29.99,Supplier A,Out of Stock,05-03-2023,2999.0,0.0
1230,Widget B,Toys,Warehouse 1,Aisle 1,50.0,49.99,Supplier A,Low Stock,Not Available,2499.5,0.5
1748,Widget C,Furniture,Warehouse 1,Aisle 4,200.0,19.99,Supplier D,Out of Stock,20-12-2022,3997.9999999999995,0.0
1654,Widget A,Toys,Warehouse 2,Aisle 5,100.0,49.99,Supplier A,In Stock,25-04-2023,4999.0,1.0
1170,Gadget Y,Clothing,Warehouse 2,Aisle 1,150.0,29.99,Supplier A,Low Stock,Not Available,4498.5,0.5
1540,Widget B,Electronics,Warehouse 2,Aisle 1,100.0,29.99,Supplier B,Low Stock,05-03-2023,2999.0,0.5
1035,Gadget X,Electronics,Warehouse 2,Aisle 1,100.0,49.99,Supplier A,In Stock,20-12-2022,4999.0,1.0
1524,Gadget Z,Clothing,Warehouse 3,Aisle 1,300.0,49.99,Supplier B,In Stock,15-01-2023,14997.0,1.0
1159,Widget B,Electronics,Warehouse 1,Aisle 3,100.0,49.99,Supplier A,Low Stock,Not Available,4999.0,0.5
1838,Widget A,Furniture,Warehouse 3,Aisle 3,50.0,29.99,Supplier C,In Stock,20-12-2022,1499.5,1.0
1698,Gadget X,Clothing,Warehouse 1,Aisle 3,100.0,29.99,Supplier D,Out of Stock,15-01-2023,2999.0,0.0
1242,Widget C,Toys,Warehouse 1,Aisle 5,50.0,29.99,Supplier B,In Stock,Not Available,1499.5,1.0
1085,Widget B,Clothing,Warehouse 2,Aisle 5,150.0,29.99,Supplier D,In Stock,20-12-2022,4498.5,1.0
1795,Widget A,Furniture,Warehouse 3,Aisle 5,50.0,49.99,Supplier B,Low Stock,20-12-2022,2499.5,0.5
1577,Gadget Y,Furniture,Warehouse 2,Aisle 2,150.0,19.99,Supplier B,Out of Stock,Not Available,2998.4999999999995,0.0
1681,Gadget Z,Clothing,Warehouse 3,Aisle 5,150.0,49.99,Supplier B,In Stock,20-12-2022,7498.5,1.0
1556,Gadget X,Clothing,Warehouse 1,Aisle 3,50.0,49.99,Supplier C,Out of Stock,25-04-2023,2499.5,0.0
1573,Widget B,Electronics,Warehouse 2,Aisle 3,200.0,29.99,Supplier A,Out of Stock,Not Available,5998.0,0.0
1952,Widget B,Furniture,Warehouse 2,Aisle 2,150.0,29.99,Supplier B,Out of Stock,20-12-2022,4498.5,0.0
1645,Widget C,Clothing,Warehouse 1,Aisle 2,100.0,49.99,Supplier C,Low Stock,15-01-2023,4999.0,0.5
1795,Widget C,Clothing,Warehouse 1,Aisle 5,300.0,29.99,Supplier B,In Stock,15-01-2023,8997.0,1.0
1027,Gadget Y,Furniture,Warehouse 1,Aisle 4,150.0,9.99,Supplier A,Low Stock,25-04-2023,1498.5,0.5
1619,Gadget Z,Clothing,Warehouse 2,Aisle 2,100.0,29.99,Supplier B,In Stock,Not Available,2999.0,1.0
1555,Gadget Y,Electronics,Warehouse 3,Aisle 1,100.0,19.99,Supplier C,In Stock,20-12-2022,1998.9999999999998,1.0
1339,Widget A,Furniture,Warehouse 2,Aisle 3,150.0,19.99,Supplier A,Low Stock,20-12-2022,2998.4999999999995,0.5
1797,Widget A,Electronics,Warehouse 3,Aisle 1,100.0,49.99,Supplier C,Out of Stock,15-01-2023,4999.0,0.0
1957,Gadget Y,Electronics,Warehouse 2,Aisle 3,300.0,29.99,Supplier A,Out of Stock,25-04-2023,8997.0,0.0
1330,Gadget Z,Electronics,Warehouse 2,Aisle 3,100.0,49.99,Supplier A,In Stock,15-01-2023,4999.0,1.0
1639,Gadget Y,Electronics,Warehouse 1,Aisle 2,50.0,29.99,Supplier D,Low Stock,15-01-2023,1499.5,0.5
1505,Gadget Z,Furniture,Warehouse 3,Aisle 2,150.0,19.99,Supplier D,Out of Stock,25-04-2023,2998.4999999999995,0.0
1347,Gadget Z,Electronics,Warehouse 2,Aisle 1,50.0,49.99,Supplier D,Out of Stock,Not Available,2499.5,0.0
1472,Gadget X,Electronics,Warehouse 2,Aisle 3,300.0,29.99,Supplier A,In Stock,20-12-2022,8997.0,1.0
1230,Gadget Z,Clothing,Warehouse 1,Aisle 1,100.0,49.99,Supplier B,In Stock,Not Available,4999.0,1.0
1189,Widget C,Furniture,Warehouse 1,Aisle 4,300.0,29.99,Supplier C,Low Stock,05-03-2023,8997.0,0.5
1224,Gadget Z,Furniture,Warehouse 3,Aisle 1,150.0,29.99,Supplier C,In Stock,05-03-2023,4498.5,1.0
1384,Gadget Z,Toys,Warehouse 2,Aisle 5,50.0,29.99,Supplier C,Out of Stock,05-03-2023,1499.5,0.0
1376,Gadget Z,Furniture,Warehouse 3,Aisle 1,50.0,29.99,Supplier D,Out of Stock,25-04-2023,1499.5,0.0
1282,Widget A,Furniture,Warehouse 2,Aisle 5,200.0,9.99,Supplier A,Out of Stock,15-01-2023,1998.0,0.0
1957,Widget C,Toys,Warehouse 3,Aisle 5,100.0,29.99,Supplier D,Out of Stock,Not Available,2999.0,0.0
1632,Widget C,Furniture,Warehouse 1,Aisle 5,150.0,29.99,Supplier B,Low Stock,20-12-2022,4498.5,0.5
1627,Gadget Y,Furniture,Warehouse 2,Aisle 4,50.0,29.99,Supplier A,Low Stock,05-03-2023,1499.5,0.5
1972,Gadget X,Furniture,Warehouse 3,Aisle 1,50.0,9.99,Supplier C,In Stock,Not Available,499.5,1.0
1744,Gadget Z,Furniture,Warehouse 1,Aisle 1,150.0,29.99,Supplier D,In Stock,05-03-2023,4498.5,1.0
1258,Widget B,Toys,Warehouse 1,Aisle 4,300.0,9.99,Supplier D,In Stock,05-03-2023,2997.0,1.0
1358,Gadget X,Furniture,Warehouse 3,Aisle 3,300.0,29.99,Supplier B,Low Stock,20-12-2022,8997.0,0.5
1709,Gadget X,Furniture,Warehouse 2,Aisle 2,100.0,19.99,Supplier B,Out of Stock,25-04-2023,1998.9999999999998,0.0
1455,Widget C,Toys,Warehouse 2,Aisle 1,200.0,19.99,Supplier D,In Stock,15-01-2023,3997.9999999999995,1.0
1410,Gadget X,Clothing,Warehouse 1,Aisle 2,50.0,49.99,Supplier B,Out of Stock,25-04-2023,2499.5,0.0
1648,Gadget Z,Electronics,Warehouse 2,Aisle 4,200.0,29.99,Supplier C,In Stock,Not Available,5998.0,1.0
1317,Gadget Z,Clothing,Warehouse 2,Aisle 3,300.0,29.99,Supplier B,In Stock,25-04-2023,8997.0,1.0
1676,Widget A,Toys,Warehouse 2,Aisle 3,300.0,49.99,Supplier B,In Stock,Not Available,14997.0,1.0
1224,Gadget Z,Electronics,Warehouse 1,Aisle 3,150.0,19.99,Supplier D,In Stock,Not Available,2998.4999999999995,1.0
1818,Gadget Z,Toys,Warehouse 3,Aisle 4,100.0,29.99,Supplier D,In Stock,15-01-2023,2999.0,1.0
1233,Widget C,Toys,Warehouse 2,Aisle 5,150.0,49.99,Supplier A,Out of Stock,20-12-2022,7498.5,0.0
1683,Gadget Z,Furniture,Warehouse 1,Aisle 5,150.0,29.99,Supplier A,In Stock,15-01-2023,4498.5,1.0
1663,Widget A,Electronics,Warehouse 1,Aisle 2,150.0,19.99,Supplier D,Out of Stock,25-04-2023,2998.4999999999995,0.0
1974,Widget B,Furniture,Warehouse 3,Aisle 5,100.0,49.99,Supplier B,Low Stock,Not Available,4999.0,0.5
1826,Widget C,Electronics,Warehouse 2,Aisle 5,100.0,19.99,Supplier B,In Stock,05-03-2023,1998.9999999999998,1.0
1373,Widget B,Toys,Warehouse 2,Aisle 3,150.0,9.99,Supplier A,Out of Stock,05-03-2023,1498.5,0.0
1671,Widget C,Toys,Warehouse 3,Aisle 3,200.0,19.99,Supplier A,Low Stock,Not Available,3997.9999999999995,0.5
1607,Gadget Y,Clothing,Warehouse 3,Aisle 2,200.0,29.99,Supplier A,Low Stock,15-01-2023,5998.0,0.5
1471,Gadget X,Electronics,Warehouse 1,Aisle 1,150.0,29.99,Supplier C,Low Stock,20-12-2022,4498.5,0.5
1232,Gadget Y,Furniture,Warehouse 1,Aisle 2,150.0,19.99,Supplier C,Out of Stock,15-01-2023,2998.4999999999995,0.0
1691,Gadget Z,Clothing,Warehouse 3,Aisle 2,300.0,29.99,Supplier A,In Stock,Not Available,8997.0,1.0
1112,Widget B,Clothing,Warehouse 2,Aisle 4,150.0,9.99,Supplier B,In Stock,Not Available,1498.5,1.0
1829,Gadget Z,Clothing,Warehouse 1,Aisle 4,150.0,49.99,Supplier A,Out of Stock,20-12-2022,7498.5,0.0
1496,Gadget X,Furniture,Warehouse 1,Aisle 2,50.0,49.99,Supplier C,In Stock,25-04-2023,2499.5,1.0
1441,Widget C,Clothing,Warehouse 2,Aisle 2,200.0,29.99,Supplier B,Out of Stock,25-04-2023,5998.0,0.0
1563,Gadget X,Furniture,Warehouse 1,Aisle 2,150.0,49.99,Supplier C,In Stock,20-12-2022,7498.5,1.0
1267,Widget A,Clothing,Warehouse 2,Aisle 5,50.0,19.99,Supplier B,Low Stock,25-04-2023,999.4999999999999,0.5
1509,Gadget X,Furniture,Warehouse 2,Aisle 4,50.0,29.99,Supplier C,In Stock,05-03-2023,1499.5,1.0
1806,Widget A,Toys,Warehouse 2,Aisle 2,50.0,29.99,Supplier B,Out of Stock,25-04-2023,1499.5,0.0
1385,Gadget X,Toys,Warehouse 3,Aisle 3,300.0,19.99,Supplier B,Out of Stock,25-04-2023,5996.999999999999,0.0
1386,Widget A,Toys,Warehouse 3,Aisle 3,300.0,19.99,Supplier B,Low Stock,25-04-2023,5996.999999999999,0.5
1112,Widget B,Toys,Warehouse 3,Aisle 5,50.0,19.99,Supplier B,Out of Stock,05-03-2023,999.4999999999999,0.0
1612,Gadget Z,Toys,Warehouse 2,Aisle 5,300.0,29.99,Supplier D,In Stock,25-04-2023,8997.0,1.0
1624,Gadget Z,Clothing,Warehouse 2,Aisle 1,150.0,9.99,Supplier C,In Stock,05-03-2023,1498.5,1.0
1951,Gadget Y,Clothing,Warehouse 3,Aisle 1,50.0,49.99,Supplier C,Low Stock,20-12-2022,2499.5,0.5
1080,Gadget Z,Clothing,Warehouse 1,Aisle 1,150.0,29.99,Supplier D,Out of Stock,15-01-2023,4498.5,0.0
1698,Widget C,Furniture,Warehouse 2,Aisle 5,150.0,9.99,Supplier B,Low Stock,20-12-2022,1498.5,0.5
1112,Gadget X,Furniture,Warehouse 1,Aisle 5,50.0,29.99,Supplier B,In Stock,15-01-2023,1499.5,1.0
1001,Gadget Y,Furniture,Warehouse 1,Aisle 5,200.0,49.99,Supplier C,Low Stock,20-12-2022,9998.0,0.5
1641,Widget C,Furniture,Warehouse 2,Aisle 3,50.0,29.99,Supplier D,Out of Stock,15-01-2023,1499.5,0.0
1219,Widget C,Toys,Warehouse 2,Aisle 5,50.0,19.99,Supplier B,Low Stock,15-01-2023,999.4999999999999,0.5
1565,Widget A,Toys,Warehouse 1,Aisle 3,300.0,19.99,Supplier B,Out of Stock,Not Available,5996.999999999999,0.0
1854,Gadget Z,Toys,Warehouse 1,Aisle 1,50.0,29.99,Supplier B,Out of Stock,15-01-2023,1499.5,0.0
1996,Widget B,Electronics,Warehouse 3,Aisle 1,200.0,9.99,Supplier A,In Stock,15-01-2023,1998.0,1.0
1735,Widget B,Clothing,Warehouse 3,Aisle 1,300.0,9.99,Supplier D,In Stock,Not Available,2997.0,1.0
1224,Gadget Y,Furniture,Warehouse 2,Aisle 2,100.0,29.99,Supplier B,In Stock,25-04-2023,2999.0,1.0
1384,Widget B,Furniture,Warehouse 3,Aisle 2,100.0,29.99,Supplier A,Out of Stock,25-04-2023,2999.0,0.0
1402,Gadget X,Toys,Warehouse 3,Aisle 4,150.0,9.99,Supplier D,Low Stock,Not Available,1498.5,0.5
1637,Widget B,Furniture,Warehouse 3,Aisle 4,150.0,29.99,Supplier B,Out of Stock,05-03-2023,4498.5,0.0
1129,Gadget Y,Furniture,Warehouse 3,Aisle 4,200.0,49.99,Supplier C,In Stock,15-01-2023,9998.0,1.0
1052,Widget B,Clothing,Warehouse 1,Aisle 2,150.0,19.99,Supplier A,In Stock,15-01-2023,2998.4999999999995,1.0
1683,Gadget X,Toys,Warehouse 2,Aisle 2,100.0,19.99,Supplier A,Low Stock,Not Available,1998.9999999999998,0.5
1729,Widget A,Clothing,Warehouse 3,Aisle 4,150.0,19.99,Supplier B,In Stock,Not Available,2998.4999999999995,1.0
1671,Gadget Y,Electronics,Warehouse 1,Aisle 4,100.0,29.99,Supplier B,In Stock,05-03-2023,2999.0,1.0
1709,Widget A,Electronics,Warehouse 1,Aisle 5,200.0,29.99,Supplier A,In Stock,25-04-2023,5998.0,1.0
1415,Widget A,Electronics,Warehouse 1,Aisle 4,200.0,29.99,Supplier C,Low Stock,20-12-2022,5998.0,0.5
1246,Widget A,Toys,Warehouse 3,Aisle 5,150.0,19.99,Supplier C,Out of Stock,25-04-2023,2998.4999999999995,0.0
1835,Widget C,Furniture,Warehouse 3,Aisle 3,150.0,29.99,Supplier D,In Stock,15-01-2023,4498.5,1.0
1438,Gadget Z,Toys,Warehouse 2,Aisle 2,300.0,19.99,Supplier B,Low Stock,Not Available,5996.999999999999,0.5
1202,Widget C,Toys,Warehouse 3,Aisle 4,200.0,29.99,Supplier C,In Stock,05-03-2023,5998.0,1.0
1183,Gadget Z,Furniture,Warehouse 3,Aisle 2,150.0,29.99,Supplier D,Low Stock,25-04-2023,4498.5,0.5
1122,Widget A,Clothing,Warehouse 1,Aisle 2,100.0,49.99,Supplier C,In Stock,05-03-2023,4999.0,1.0
1400,Gadget Y,Electronics,Warehouse 2,Aisle 2,50.0,29.99,Supplier B,Low Stock,25-04-2023,1499.5,0.5
1766,Gadget Z,Clothing,Warehouse 3,Aisle 3,150.0,29.99,Supplier D,In Stock,15-01-2023,4498.5,1.0
1293,Gadget X,Electronics,Warehouse 3,Aisle 1,50.0,29.99,Supplier D,Out of Stock,20-12-2022,1499.5,0.0
1279,Gadget X,Toys,Warehouse 1,Aisle 4,150.0,19.99,Supplier D,In Stock,05-03-2023,2998.4999999999995,1.0
1836,Widget B,Electronics,Warehouse 1,Aisle 1,150.0,29.99,Supplier C,Low Stock,05-03-2023,4498.5,0.5
1883,Gadget Z,Toys,Warehouse 3,Aisle 1,50.0,9.99,Supplier B,In Stock,20-12-2022,499.5,1.0
1609,Gadget Y,Clothing,Warehouse 2,Aisle 1,150.0,19.99,Supplier D,Out of Stock,05-03-2023,2998.4999999999995,0.0
1197,Widget C,Toys,Warehouse 2,Aisle 2,100.0,9.99,Supplier A,In Stock,05-03-2023,999.0,1.0
1981,Widget A,Clothing,Warehouse 1,Aisle 5,150.0,19.99,Supplier B,Low Stock,25-04-2023,2998.4999999999995,0.5
1906,Widget B,Furniture,Warehouse 1,Aisle 2,300.0,29.99,Supplier A,Low Stock,25-04-2023,8997.0,0.5
1510,Gadget X,Furniture,Warehouse 3,Aisle 2,150.0,29.99,Supplier A,Out of Stock,20-12-2022,4498.5,0.0
1751,Widget C,Furniture,Warehouse 1,Aisle 1,200.0,29.99,Supplier D,Low Stock,15-01-2023,5998.0,0.5
1143,Widget C,Toys,Warehouse 3,Aisle 2,100.0,9.99,Supplier D,In Stock,05-03-2023,999.0,1.0
1608,Widget A,Furniture,Warehouse 2,Aisle 1,50.0,49.99,Supplier C,In Stock,15-01-2023,2499.5,1.0
1200,Gadget Z,Electronics,Warehouse 2,Aisle 5,150.0,19.99,Supplier C,In Stock,20-12-2022,2998.4999999999995,1.0
1123,Gadget X,Clothing,Warehouse 3,Aisle 4,200.0,29.99,Supplier C,Low Stock,20-12-2022,5998.0,0.5
1186,Gadget Y,Clothing,Warehouse 1,Aisle 1,150.0,19.99,Supplier B,In Stock,25-04-2023,2998.4999999999995,1.0
1325,Widget C,Electronics,Warehouse 2,Aisle 5,200.0,9.99,Supplier C,In Stock,05-03-2023,1998.0,1.0
1463,Widget A,Toys,Warehouse 1,Aisle 4,150.0,49.99,Supplier A,In Stock,Not Available,7498.5,1.0
1348,Gadget Y,Toys,Warehouse 2,Aisle 3,150.0,9.99,Supplier C,Out of Stock,20-12-2022,1498.5,0.0
1770,Gadget Z,Clothing,Warehouse 3,Aisle 1,300.0,19.99,Supplier D,Low Stock,05-03-2023,5996.999999999999,0.5
1659,Gadget X,Furniture,Warehouse 3,Aisle 1,300.0,49.99,Supplier C,Low Stock,15-01-2023,14997.0,0.5
1763,Gadget Z,Toys,Warehouse 3,Aisle 3,200.0,49.99,Supplier B,Low Stock,25-04-2023,9998.0,0.5
1954,Widget C,Toys,Warehouse 2,Aisle 3,150.0,9.99,Supplier B,Out of Stock,15-01-2023,1498.5,0.0
1931,Gadget Y,Electronics,Warehouse 1,Aisle 1,200.0,29.99,Supplier A,Low Stock,20-12-2022,5998.0,0.5
1402,Gadget Y,Electronics,Warehouse 1,Aisle 3,150.0,19.99,Supplier B,Out of Stock,20-12-2022,2998.4999999999995,0.0
1345,Gadget Y,Furniture,Warehouse 1,Aisle 2,150.0,29.99,Supplier C,Out of Stock,15-01-2023,4498.5,0.0
1962,Widget C,Toys,Warehouse 2,Aisle 4,50.0,29.99,Supplier D,Low Stock,20-12-2022,1499.5,0.5
1510,Widget C,Toys,Warehouse 2,Aisle 4,300.0,9.99,Supplier B,In Stock,05-03-2023,2997.0,1.0
1146,Gadget Z,Electronics,Warehouse 2,Aisle 4,50.0,19.99,Supplier A,In Stock,20-12-2022,999.4999999999999,1.0
1147,Widget B,Toys,Warehouse 2,Aisle 2,100.0,19.99,Supplier C,Low Stock,25-04-2023,1998.9999999999998,0.5
1863,Gadget Z,Clothing,Warehouse 2,Aisle 3,150.0,9.99,Supplier A,Low Stock,05-03-2023,1498.5,0.5
1710,Gadget X,Electronics,Warehouse 1,Aisle 5,50.0,19.99,Supplier B,Out of Stock,Not Available,999.4999999999999,0.0
1819,Widget A,Furniture,Warehouse 2,Aisle 3,200.0,29.99,Supplier B,Low Stock,20-12-2022,5998.0,0.5
1488,Gadget Y,Electronics,Warehouse 2,Aisle 1,300.0,9.99,Supplier A,Out of Stock,20-12-2022,2997.0,0.0
1928,Widget B,Toys,Warehouse 1,Aisle 4,300.0,29.99,Supplier C,Low Stock,25-04-2023,8997.0,0.5
1935,Widget A,Furniture,Warehouse 2,Aisle 3,150.0,19.99,Supplier B,In Stock,25-04-2023,2998.4999999999995,1.0
1639,Widget B,Electronics,Warehouse 1,Aisle 5,200.0,9.99,Supplier D,In Stock,15-01-2023,1998.0,1.0
1550,Gadget Z,Clothing,Warehouse 1,Aisle 1,150.0,19.99,Supplier B,Low Stock,15-01-2023,2998.4999999999995,0.5
1337,Widget C,Clothing,Warehouse 3,Aisle 2,50.0,9.99,Supplier C,Out of Stock,15-01-2023,499.5,0.0
1871,Gadget Y,Electronics,Warehouse 3,Aisle 2,100.0,19.99,Supplier B,In Stock,25-04-2023,1998.9999999999998,1.0
1640,Gadget Z,Clothing,Warehouse 3,Aisle 5,200.0,29.99,Supplier A,Out of Stock,15-01-2023,5998.0,0.0
1778,Widget A,Clothing,Warehouse 3,Aisle 1,200.0,29.99,Supplier B,Low Stock,15-01-2023,5998.0,0.5
1987,Widget A,Clothing,Warehouse 2,Aisle 4,200.0,19.99,Supplier B,Low Stock,Not Available,3997.9999999999995,0.5
1952,Widget A,Furniture,Warehouse 3,Aisle 3,150.0,9.99,Supplier C,In Stock,15-01-2023,1498.5,1.0
1472,Widget A,Clothing,Warehouse 1,Aisle 1,50.0,29.99,Supplier A,Low Stock,20-12-2022,1499.5,0.5
1945,Widget A,Clothing,Warehouse 2,Aisle 2,200.0,29.99,Supplier C,In Stock,25-04-2023,5998.0,1.0
1150,Widget B,Clothing,Warehouse 3,Aisle 5,200.0,29.99,Supplier B,Out of Stock,05-03-2023,5998.0,0.0
1414,Gadget Z,Furniture,Warehouse 1,Aisle 5,300.0,29.99,Supplier D,In Stock,Not Available,8997.0,1.0
1989,Gadget Y,Electronics,Warehouse 2,Aisle 3,100.0,19.99,Supplier B,In Stock,25-04-2023,1998.9999999999998,1.0
1297,Widget C,Toys,Warehouse 2,Aisle 5,300.0,9.99,Supplier C,Out of Stock,25-04-2023,2997.0,0.0
1610,Widget C,Clothing,Warehouse 3,Aisle 5,300.0,19.99,Supplier D,In Stock,20-12-2022,5996.999999999999,1.0
1262,Gadget Z,Electronics,Warehouse 2,Aisle 1,100.0,49.99,Supplier C,In Stock,15-01-2023,4999.0,1.0
1763,Gadget Z,Clothing,Warehouse 1,Aisle 4,50.0,29.99,Supplier C,Low Stock,20-12-2022,1499.5,0.5
1143,Widget C,Furniture,Warehouse 2,Aisle 3,300.0,49.99,Supplier A,Out of Stock,15-01-2023,14997.0,0.0
1345,Widget C,Electronics,Warehouse 1,Aisle 1,50.0,29.99,Supplier D,In Stock,15-01-2023,1499.5,1.0
1623,Widget B,Furniture,Warehouse 2,Aisle 4,300.0,29.99,Supplier B,Out of Stock,25-04-2023,8997.0,0.0
1571,Gadget X,Clothing,Warehouse 3,Aisle 1,150.0,49.99,Supplier C,Out of Stock,15-01-2023,7498.5,0.0
1880,Gadget Y,Clothing,Warehouse 1,Aisle 1,100.0,49.99,Supplier B,In Stock,Not Available,4999.0,1.0
1001,Widget A,Furniture,Warehouse 2,Aisle 5,300.0,19.99,Supplier A,Low Stock,Not Available,5996.999999999999,0.5
1896,Gadget X,Toys,Warehouse 2,Aisle 4,150.0,49.99,Supplier A,Out of Stock,Not Available,7498.5,0.0
1303,Gadget Z,Furniture,Warehouse 2,Aisle 3,150.0,19.99,Supplier D,In Stock,25-04-2023,2998.4999999999995,1.0
1253,Widget C,Clothing,Warehouse 1,Aisle 3,150.0,19.99,Supplier A,Out of Stock,20-12-2022,2998.4999999999995,0.0
1651,Gadget X,Furniture,Warehouse 1,Aisle 4,200.0,19.99,Supplier A,Low Stock,05-03-2023,3997.9999999999995,0.5
1452,Gadget Y,Toys,Warehouse 1,Aisle 5,300.0,29.99,Supplier B,Low Stock,15-01-2023,8997.0,0.5
1036,Gadget Z,Furniture,Warehouse 3,Aisle 2,150.0,29.99,Supplier A,Low Stock,05-03-2023,4498.5,0.5
1159,Widget A,Toys,Warehouse 3,Aisle 1,50.0,49.99,Supplier A,In Stock,20-12-2022,2499.5,1.0
1008,Widget A,Toys,Warehouse 1,Aisle 5,150.0,29.99,Supplier C,In Stock,20-12-2022,4498.5,1.0
1232,Gadget Y,Furniture,Warehouse 2,Aisle 4,300.0,49.99,Supplier A,Low Stock,25-04-2023,14997.0,0.5
1098,Gadget Y,Furniture,Warehouse 3,Aisle 1,200.0,29.99,Supplier C,In Stock,Not Available,5998.0,1.0
1658,Widget C,Electronics,Warehouse 1,Aisle 3,150.0,9.99,Supplier A,Low Stock,Not Available,1498.5,0.5
1815,Widget A,Clothing,Warehouse 2,Aisle 2,150.0,9.99,Supplier A,In Stock,20-12-2022,1498.5,1.0
1207,Gadget Z,Toys,Warehouse 3,Aisle 3,300.0,49.99,Supplier D,Low Stock,25-04-2023,14997.0,0.5
1130,Gadget X,Electronics,Warehouse 2,Aisle 4,150.0,29.99,Supplier D,Out of Stock,25-04-2023,4498.5,0.0
1403,Gadget Z,Furniture,Warehouse 2,Aisle 1,200.0,29.99,Supplier C,Low Stock,15-01-2023,5998.0,0.5
1151,Widget B,Clothing,Warehouse 2,Aisle 4,150.0,19.99,Supplier A,Low Stock,Not Available,2998.4999999999995,0.5
1053,Widget B,Electronics,Warehouse 2,Aisle 1,150.0,29.99,Supplier B,In Stock,20-12-2022,4498.5,1.0
1119,Gadget Y,Toys,Warehouse 3,Aisle 5,150.0,49.99,Supplier D,In Stock,05-03-2023,7498.5,1.0
1672,Widget C,Electronics,Warehouse 3,Aisle 2,100.0,29.99,Supplier B,In Stock,Not Available,2999.0,1.0
1919,Widget B,Toys,Warehouse 3,Aisle 5,150.0,29.99,Supplier D,In Stock,15-01-2023,4498.5,1.0
1627,Widget A,Furniture,Warehouse 1,Aisle 5,100.0,49.99,Supplier D,In Stock,25-04-2023,4999.0,1.0
1586,Gadget Z,Clothing,Warehouse 3,Aisle 4,150.0,29.99,Supplier A,In Stock,20-12-2022,4498.5,1.0
1624,Gadget Z,Clothing,Warehouse 2,Aisle 2,300.0,49.99,Supplier D,Out of Stock,Not Available,14997.0,0.0
1967,Gadget Y,Clothing,Warehouse 3,Aisle 1,300.0,29.99,Supplier B,Low Stock,05-03-2023,8997.0,0.5
1419,Gadget X,Furniture,Warehouse 2,Aisle 1,150.0,29.99,Supplier D,Low Stock,15-01-2023,4498.5,0.5
1421,Gadget Y,Toys,Warehouse 1,Aisle 3,150.0,9.99,Supplier C,Low Stock,15-01-2023,1498.5,0.5
1103,Gadget X,Furniture,Warehouse 2,Aisle 1,50.0,49.99,Supplier A,Out of Stock,Not Available,2499.5,0.0
1851,Gadget Y,Clothing,Warehouse 2,Aisle 4,150.0,49.99,Supplier A,Low Stock,05-03-2023,7498.5,0.5
1253,Gadget Y,Furniture,Warehouse 2,Aisle 5,150.0,29.99,Supplier C,Out of Stock,15-01-2023,4498.5,0.0
1226,Gadget Y,Furniture,Warehouse 1,Aisle 5,300.0,9.99,Supplier C,Out of Stock,20-12-2022,2997.0,0.0
1111,Gadget X,Furniture,Warehouse 3,Aisle 5,200.0,9.99,Supplier C,Out of Stock,15-01-2023,1998.0,0.0
1509,Gadget X,Toys,Warehouse 3,Aisle 2,300.0,29.99,Supplier D,Low Stock,05-03-2023,8997.0,0.5
1472,Gadget Y,Electronics,Warehouse 1,Aisle 1,100.0,19.99,Supplier A,Out of Stock,25-04-2023,1998.9999999999998,0.0
1098,Widget B,Electronics,Warehouse 2,Aisle 4,300.0,49.99,Supplier C,Low Stock,25-04-2023,14997.0,0.5
1152,Widget C,Furniture,Warehouse 3,Aisle 2,50.0,49.99,Supplier D,Low Stock,Not Available,2499.5,0.5
1860,Widget C,Electronics,Warehouse 1,Aisle 3,150.0,29.99,Supplier C,In Stock,05-03-2023,4498.5,1.0
1913,Widget C,Electronics,Warehouse 3,Aisle 4,150.0,29.99,Supplier B,In Stock,15-01-2023,4498.5,1.0
1895,Gadget X,Furniture,Warehouse 1,Aisle 4,300.0,29.99,Supplier B,Out of Stock,15-01-2023,8997.0,0.0
1877,Gadget X,Furniture,Warehouse 2,Aisle 4,200.0,29.99,Supplier A,Out of Stock,25-04-2023,5998.0,0.0
1337,Widget B,Clothing,Warehouse 3,Aisle 5,200.0,9.99,Supplier D,Low Stock,25-04-2023,1998.0,0.5
1705,Widget C,Electronics,Warehouse 1,Aisle 4,50.0,49.99,Supplier B,Out of Stock,20-12-2022,2499.5,0.0
1821,Widget C,Toys,Warehouse 3,Aisle 1,100.0,29.99,Supplier B,Out of Stock,25-04-2023,2999.0,0.0
1162,Gadget Y,Furniture,Warehouse 3,Aisle 4,300.0,9.99,Supplier D,Low Stock,20-12-2022,2997.0,0.5
1719,Gadget X,Clothing,Warehouse 3,Aisle 5,150.0,29.99,Supplier C,Out of Stock,15-01-2023,4498.5,0.0
1956,Widget C,Toys,Warehouse 3,Aisle 4,300.0,29.99,Supplier D,Out of Stock,20-12-2022,8997.0,0.0
1680,Gadget Z,Electronics,Warehouse 1,Aisle 3,50.0,49.99,Supplier C,Low Stock,20-12-2022,2499.5,0.5
1995,Widget B,Clothing,Warehouse 2,Aisle 3,150.0,29.99,Supplier B,Low Stock,Not Available,4498.5,0.5
1160,Gadget Z,Furniture,Warehouse 1,Aisle 5,150.0,29.99,Supplier B,In Stock,25-04-2023,4498.5,1.0
1579,Gadget Z,Toys,Warehouse 1,Aisle 1,50.0,29.99,Supplier B,Low Stock,20-12-2022,1499.5,0.5
1800,Widget B,Furniture,Warehouse 1,Aisle 1,150.0,49.99,Supplier A,In Stock,15-01-2023,7498.5,1.0
1397,Gadget Z,Electronics,Warehouse 2,Aisle 2,50.0,9.99,Supplier A,Out of Stock,05-03-2023,499.5,0.0
1276,Widget C,Toys,Warehouse 3,Aisle 5,150.0,49.99,Supplier A,Low Stock,20-12-2022,7498.5,0.5
1815,Gadget X,Electronics,Warehouse 3,Aisle 4,200.0,9.99,Supplier D,Low Stock,25-04-2023,1998.0,0.5
1915,Widget B,Electronics,Warehouse 3,Aisle 5,50.0,19.99,Supplier B,Low Stock,Not Available,999.4999999999999,0.5
1503,Gadget Y,Clothing,Warehouse 2,Aisle 2,150.0,49.99,Supplier B,Out of Stock,15-01-2023,7498.5,0.0
1895,Gadget Z,Furniture,Warehouse 3,Aisle 5,50.0,49.99,Supplier D,In Stock,Not Available,2499.5,1.0
1391,Widget B,Toys,Warehouse 2,Aisle 5,50.0,29.99,Supplier A,Out of Stock,05-03-2023,1499.5,0.0
1134,Widget A,Electronics,Warehouse 3,Aisle 2,150.0,29.99,Supplier D,Out of Stock,20-12-2022,4498.5,0.0
1194,Widget A,Electronics,Warehouse 3,Aisle 1,150.0,9.99,Supplier A,Low Stock,20-12-2022,1498.5,0.5
1400,Gadget X,Toys,Warehouse 1,Aisle 4,100.0,9.99,Supplier B,In Stock,25-04-2023,999.0,1.0
1639,Widget C,Electronics,Warehouse 2,Aisle 2,50.0,29.99,Supplier C,Out of Stock,20-12-2022,1499.5,0.0
1032,Gadget X,Clothing,Warehouse 1,Aisle 3,150.0,29.99,Supplier A,Low Stock,15-01-2023,4498.5,0.5
1687,Gadget X,Clothing,Warehouse 1,Aisle 1,50.0,29.99,Supplier B,Out of Stock,05-03-2023,1499.5,0.0
1459,Gadget X,Clothing,Warehouse 1,Aisle 3,50.0,29.99,Supplier B,Out of Stock,Not Available,1499.5,0.0
1954,Gadget X,Clothing,Warehouse 2,Aisle 1,150.0,49.99,Supplier C,Low Stock,05-03-2023,7498.5,0.5
1882,Gadget Y,Electronics,Warehouse 2,Aisle 4,50.0,19.99,Supplier B,Low Stock,20-12-2022,999.4999999999999,0.5
1469,Gadget Y,Toys,Warehouse 3,Aisle 4,300.0,29.99,Supplier B,In Stock,Not Available,8997.0,1.0
1374,Widget B,Toys,Warehouse 1,Aisle 5,50.0,29.99,Supplier A,Out of Stock,25-04-2023,1499.5,0.0
1021,Widget A,Toys,Warehouse 3,Aisle 3,300.0,29.99,Supplier A,Low Stock,05-03-2023,8997.0,0.5
1749,Gadget X,Toys,Warehouse 1,Aisle 1,150.0,9.99,Supplier C,Low Stock,Not Available,1498.5,0.5
1669,Widget B,Furniture,Warehouse 2,Aisle 4,150.0,19.99,Supplier C,In Stock,Not Available,2998.4999999999995,1.0
1037,Widget A,Toys,Warehouse 2,Aisle 2,50.0,49.99,Supplier B,In Stock,Not Available,2499.5,1.0
1229,Gadget Z,Furniture,Warehouse 2,Aisle 4,300.0,9.99,Supplier A,Low Stock,15-01-2023,2997.0,0.5
1364,Widget C,Furniture,Warehouse 1,Aisle 2,300.0,9.99,Supplier C,In Stock,05-03-2023,2997.0,1.0
1562,Gadget Y,Clothing,Warehouse 2,Aisle 1,300.0,19.99,Supplier C,Low Stock,Not Available,5996.999999999999,0.5
1437,Gadget Z,Furniture,Warehouse 1,Aisle 4,200.0,49.99,Supplier D,Out of Stock,05-03-2023,9998.0,0.0
1775,Widget A,Electronics,Warehouse 3,Aisle 4,100.0,29.99,Supplier C,In Stock,Not Available,2999.0,1.0
1282,Gadget Z,Furniture,Warehouse 1,Aisle 1,150.0,49.99,Supplier B,Out of Stock,25-04-2023,7498.5,0.0
1026,Widget C,Clothing,Warehouse 3,Aisle 4,50.0,29.99,Supplier A,Out of Stock,25-04-2023,1499.5,0.0
1225,Widget A,Furniture,Warehouse 1,Aisle 2,200.0,9.99,Supplier C,Out of Stock,25-04-2023,1998.0,0.0
1276,Gadget Z,Electronics,Warehouse 3,Aisle 4,50.0,29.99,Supplier D,Low Stock,20-12-2022,1499.5,0.5
1797,Gadget Y,Electronics,Warehouse 2,Aisle 3,50.0,29.99,Supplier A,Out of Stock,Not Available,1499.5,0.0
1608,Gadget Y,Electronics,Warehouse 3,Aisle 5,150.0,29.99,Supplier C,Out of Stock,20-12-2022,4498.5,0.0
1283,Widget B,Clothing,Warehouse 2,Aisle 2,150.0,49.99,Supplier D,Out of Stock,05-03-2023,7498.5,0.0
1878,Gadget Z,Clothing,Warehouse 2,Aisle 3,150.0,29.99,Supplier C,Low Stock,20-12-2022,4498.5,0.5
1959,Gadget X,Toys,Warehouse 3,Aisle 1,200.0,29.99,Supplier A,Out of Stock,05-03-2023,5998.0,0.0
1480,Gadget Z,Clothing,Warehouse 1,Aisle 2,50.0,29.99,Supplier A,Out of Stock,05-03-2023,1499.5,0.0
1452,Widget A,Electronics,Warehouse 1,Aisle 5,100.0,29.99,Supplier A,In Stock,05-03-2023,2999.0,1.0
1828,Widget A,Electronics,Warehouse 1,Aisle 5,150.0,49.99,Supplier B,Low Stock,20-12-2022,7498.5,0.5
1815,Gadget Z,Clothing,Warehouse 1,Aisle 1,150.0,29.99,Supplier C,Out of Stock,Not Available,4498.5,0.0
1658,Widget C,Furniture,Warehouse 1,Aisle 1,150.0,9.99,Supplier B,In Stock,20-12-2022,1498.5,1.0
1515,Gadget Y,Clothing,Warehouse 2,Aisle 2,50.0,29.99,Supplier A,Low Stock,Not Available,1499.5,0.5
1546,Widget A,Clothing,Warehouse 1,Aisle 4,50.0,29.99,Supplier D,Low Stock,Not Available,1499.5,0.5
1191,Gadget Y,Electronics,Warehouse 2,Aisle 1,200.0,29.99,Supplier C,Low Stock,05-03-2023,5998.0,0.5
1048,Widget A,Toys,Warehouse 2,Aisle 4,200.0,29.99,Supplier B,Low Stock,20-12-2022,5998.0,0.5
1511,Widget B,Electronics,Warehouse 2,Aisle 3,150.0,49.99,Supplier C,Low Stock,Not Available,7498.5,0.5
1016,Gadget X,Toys,Warehouse 3,Aisle 5,50.0,29.99,Supplier D,Low Stock,25-04-2023,1499.5,0.5
1171,Widget A,Electronics,Warehouse 3,Aisle 4,100.0,49.99,Supplier B,Out of Stock,Not Available,4999.0,0.0
1219,Gadget Y,Clothing,Warehouse 2,Aisle 5,150.0,49.99,Supplier A,Out of Stock,25-04-2023,7498.5,0.0
1157,Widget B,Electronics,Warehouse 3,Aisle 4,50.0,29.99,Supplier B,Out of Stock,20-12-2022,1499.5,0.0
1476,Widget A,Electronics,Warehouse 1,Aisle 3,50.0,9.99,Supplier C,Out of Stock,20-12-2022,499.5,0.0
1045,Widget C,Electronics,Warehouse 1,Aisle 1,300.0,29.99,Supplier C,In Stock,20-12-2022,8997.0,1.0
1372,Gadget X,Clothing,Warehouse 2,Aisle 3,200.0,29.99,Supplier C,Out of Stock,Not Available,5998.0,0.0
1517,Widget A,Clothing,Warehouse 1,Aisle 1,150.0,49.99,Supplier C,Low Stock,15-01-2023,7498.5,0.5
1098,Widget B,Clothing,Warehouse 2,Aisle 1,150.0,49.99,Supplier A,Out of Stock,Not Available,7498.5,0.0
1891,Widget C,Clothing,Warehouse 2,Aisle 5,50.0,29.99,Supplier B,Out of Stock,Not Available,1499.5,0.0
1744,Gadget Z,Toys,Warehouse 1,Aisle 3,150.0,29.99,Supplier A,Low Stock,05-03-2023,4498.5,0.5
1036,Widget B,Toys,Warehouse 3,Aisle 4,50.0,29.99,Supplier A,Out of Stock,05-03-2023,1499.5,0.0
1279,Widget B,Furniture,Warehouse 1,Aisle 3,150.0,19.99,Supplier A,Out of Stock,Not Available,2998.4999999999995,0.0
1348,Widget C,Clothing,Warehouse 1,Aisle 5,150.0,19.99,Supplier C,Out of Stock,25-04-2023,2998.4999999999995,0.0
1496,Widget B,Toys,Warehouse 2,Aisle 1,200.0,29.99,Supplier C,In Stock,05-03-2023,5998.0,1.0
1301,Widget C,Electronics,Warehouse 2,Aisle 5,150.0,19.99,Supplier C,Out of Stock,Not Available,2998.4999999999995,0.0
1180,Widget A,Clothing,Warehouse 2,Aisle 2,300.0,29.99,Supplier B,Low Stock,15-01-2023,8997.0,0.5
1606,Widget C,Furniture,Warehouse 2,Aisle 2,100.0,49.99,Supplier D,Low Stock,25-04-2023,4999.0,0.5
1098,Widget C,Furniture,Warehouse 3,Aisle 4,200.0,29.99,Supplier C,Out of Stock,20-12-2022,5998.0,0.0
1699,Gadget X,Furniture,Warehouse 3,Aisle 5,150.0,9.99,Supplier B,Out of Stock,Not Available,1498.5,0.0
1992,Widget C,Electronics,Warehouse 3,Aisle 4,300.0,29.99,Supplier C,Out of Stock,Not Available,8997.0,0.0
1115,Widget C,Toys,Warehouse 2,Aisle 4,100.0,29.99,Supplier C,Low Stock,25-04-2023,2999.0,0.5
1190,Gadget Z,Electronics,Warehouse 2,Aisle 2,300.0,29.99,Supplier A,Low Stock,05-03-2023,8997.0,0.5
1252,Widget A,Clothing,Warehouse 2,Aisle 4,50.0,29.99,Supplier A,In Stock,05-03-2023,1499.5,1.0
1980,Gadget X,Furniture,Warehouse 3,Aisle 2,50.0,29.99,Supplier A,In Stock,05-03-2023,1499.5,1.0
1927,Gadget Z,Electronics,Warehouse 2,Aisle 1,150.0,19.99,Supplier B,In Stock,20-12-2022,2998.4999999999995,1.0
1982,Gadget Y,Electronics,Warehouse 1,Aisle 5,200.0,19.99,Supplier D,Low Stock,25-04-2023,3997.9999999999995,0.5
1160,Widget A,Toys,Warehouse 1,Aisle 4,50.0,29.99,Supplier D,In Stock,25-04-2023,1499.5,1.0
1255,Widget A,Toys,Warehouse 2,Aisle 2,300.0,29.99,Supplier B,Out of Stock,05-03-2023,8997.0,0.0
1322,Gadget Y,Furniture,Warehouse 1,Aisle 3,200.0,19.99,Supplier C,Out of Stock,05-03-2023,3997.9999999999995,0.0
1127,Widget C,Electronics,Warehouse 1,Aisle 4,50.0,29.99,Supplier B,Low Stock,15-01-2023,1499.5,0.5
1017,Gadget Z,Electronics,Warehouse 3,Aisle 1,150.0,29.99,Supplier C,In Stock,15-01-2023,4498.5,1.0
1792,Widget B,Toys,Warehouse 2,Aisle 1,150.0,29.99,Supplier B,Out of Stock,Not Available,4498.5,0.0
1734,Gadget X,Electronics,Warehouse 2,Aisle 3,150.0,9.99,Supplier B,Low Stock,Not Available,1498.5,0.5
1565,Widget B,Electronics,Warehouse 3,Aisle 2,100.0,19.99,Supplier B,In Stock,25-04-2023,1998.9999999999998,1.0
1569,Gadget Y,Electronics,Warehouse 1,Aisle 4,50.0,29.99,Supplier D,Out of Stock,25-04-2023,1499.5,0.0
1322,Widget A,Toys,Warehouse 1,Aisle 2,100.0,9.99,Supplier A,In Stock,20-12-2022,999.0,1.0
1871,Widget A,Furniture,Warehouse 2,Aisle 1,100.0,29.99,Supplier B,Low Stock,20-12-2022,2999.0,0.5
1685,Gadget X,Clothing,Warehouse 1,Aisle 2,300.0,29.99,Supplier D,In Stock,15-01-2023,8997.0,1.0
1791,Widget A,Furniture,Warehouse 3,Aisle 1,200.0,29.99,Supplier A,Low Stock,Not Available,5998.0,0.5
1625,Widget A,Clothing,Warehouse 3,Aisle 2,300.0,29.99,Supplier A,In Stock,15-01-2023,8997.0,1.0
1287,Gadget X,Electronics,Warehouse 2,Aisle 3,50.0,49.99,Supplier B,Out of Stock,15-01-2023,2499.5,0.0
1942,Gadget Z,Furniture,Warehouse 3,Aisle 5,100.0,29.99,Supplier C,Low Stock,Not Available,2999.0,0.5
1853,Gadget Z,Clothing,Warehouse 3,Aisle 3,150.0,9.99,Supplier C,Low Stock,20-12-2022,1498.5,0.5
1662,Gadget X,Toys,Warehouse 2,Aisle 3,100.0,29.99,Supplier C,Low Stock,Not Available,2999.0,0.5
1961,Gadget Y,Toys,Warehouse 3,Aisle 5,150.0,19.99,Supplier B,In Stock,05-03-2023,2998.4999999999995,1.0
1638,Widget A,Furniture,Warehouse 3,Aisle 5,300.0,29.99,Supplier C,In Stock,05-03-2023,8997.0,1.0
1154,Widget A,Furniture,Warehouse 3,Aisle 4,300.0,29.99,Supplier D,Out of Stock,05-03-2023,8997.0,0.0
1489,Gadget Y,Electronics,Warehouse 1,Aisle 4,200.0,29.99,Supplier D,Low Stock,25-04-2023,5998.0,0.5
1385,Gadget Z,Furniture,Warehouse 2,Aisle 3,100.0,49.99,Supplier D,Low Stock,20-12-2022,4999.0,0.5
1985,Widget C,Electronics,Warehouse 2,Aisle 3,150.0,49.99,Supplier D,In Stock,20-12-2022,7498.5,1.0
1784,Widget C,Electronics,Warehouse 2,Aisle 1,300.0,49.99,Supplier A,In Stock,25-04-2023,14997.0,1.0
1103,Widget C,Toys,Warehouse 1,Aisle 1,300.0,9.99,Supplier D,Out of Stock,15-01-2023,2997.0,0.0
1928,Gadget Z,Toys,Warehouse 1,Aisle 4,200.0,49.99,Supplier C,Out of Stock,05-03-2023,9998.0,0.0
1392,Gadget Z,Clothing,Warehouse 2,Aisle 4,150.0,9.99,Supplier B,In Stock,05-03-2023,1498.5,1.0
1810,Gadget Y,Toys,Warehouse 1,Aisle 1,200.0,49.99,Supplier C,Low Stock,15-01-2023,9998.0,0.5
1245,Widget A,Toys,Warehouse 2,Aisle 1,100.0,9.99,Supplier D,Out of Stock,Not Available,999.0,0.0
1175,Gadget Y,Furniture,Warehouse 1,Aisle 2,50.0,29.99,Supplier A,In Stock,Not Available,1499.5,1.0
1038,Gadget Y,Toys,Warehouse 3,Aisle 2,50.0,29.99,Supplier D,In Stock,20-12-2022,1499.5,1.0
1476,Gadget Z,Clothing,Warehouse 3,Aisle 1,150.0,29.99,Supplier B,Low Stock,25-04-2023,4498.5,0.5
1681,Widget C,Furniture,Warehouse 2,Aisle 2,300.0,9.99,Supplier C,In Stock,20-12-2022,2997.0,1.0
1758,Widget B,Clothing,Warehouse 1,Aisle 5,150.0,19.99,Supplier B,In Stock,Not Available,2998.4999999999995,1.0
1537,Widget A,Toys,Warehouse 1,Aisle 4,300.0,29.99,Supplier B,Out of Stock,15-01-2023,8997.0,0.0
1866,Gadget Z,Clothing,Warehouse 3,Aisle 4,300.0,29.99,Supplier B,In Stock,20-12-2022,8997.0,1.0
1817,Widget C,Furniture,Warehouse 3,Aisle 1,50.0,9.99,Supplier C,In Stock,05-03-2023,499.5,1.0
1920,Widget B,Electronics,Warehouse 1,Aisle 3,150.0,49.99,Supplier D,Out of Stock,05-03-2023,7498.5,0.0
1407,Widget B,Clothing,Warehouse 1,Aisle 1,200.0,19.99,Supplier B,Low Stock,15-01-2023,3997.9999999999995,0.5
1524,Gadget Z,Clothing,Warehouse 1,Aisle 2,300.0,29.99,Supplier C,Low Stock,Not Available,8997.0,0.5
1827,Gadget X,Furniture,Warehouse 1,Aisle 3,150.0,29.99,Supplier A,Out of Stock,05-03-2023,4498.5,0.0
1505,Widget A,Furniture,Warehouse 1,Aisle 2,150.0,9.99,Supplier C,Out of Stock,05-03-2023,1498.5,0.0
1902,Widget B,Clothing,Warehouse 1,Aisle 5,200.0,19.99,Supplier A,Low Stock,25-04-2023,3997.9999999999995,0.5
1824,Gadget Z,Toys,Warehouse 2,Aisle 2,150.0,9.99,Supplier C,Low Stock,20-12-2022,1498.5,0.5
1035,Gadget Z,Clothing,Warehouse 1,Aisle 5,100.0,49.99,Supplier D,Low Stock,Not Available,4999.0,0.5
1684,Widget C,Furniture,Warehouse 3,Aisle 5,300.0,29.99,Supplier B,Low Stock,20-12-2022,8997.0,0.5
1019,Gadget X,Electronics,Warehouse 2,Aisle 2,200.0,9.99,Supplier D,Low Stock,Not Available,1998.0,0.5
1320,Widget A,Electronics,Warehouse 1,Aisle 2,150.0,29.99,Supplier C,Out of Stock,05-03-2023,4498.5,0.0
1775,Gadget Y,Toys,Warehouse 3,Aisle 5,300.0,29.99,Supplier B,In Stock,25-04-2023,8997.0,1.0
1511,Widget C,Clothing,Warehouse 2,Aisle 3,200.0,29.99,Supplier A,Low Stock,20-12-2022,5998.0,0.5
1399,Widget B,Electronics,Warehouse 3,Aisle 5,50.0,9.99,Supplier C,Low Stock,05-03-2023,499.5,0.5
1653,Widget B,Clothing,Warehouse 1,Aisle 4,150.0,29.99,Supplier B,In Stock,Not Available,4498.5,1.0
1971,Widget C,Furniture,Warehouse 1,Aisle 5,50.0,29.99,Supplier A,In Stock,20-12-2022,1499.5,1.0
1882,Gadget Z,Electronics,Warehouse 1,Aisle 3,300.0,49.99,Supplier A,In Stock,20-12-2022,14997.0,1.0
1470,Widget B,Toys,Warehouse 1,Aisle 4,150.0,49.99,Supplier D,In Stock,05-03-2023,7498.5,1.0
1142,Gadget X,Furniture,Warehouse 2,Aisle 1,150.0,9.99,Supplier C,In Stock,20-12-2022,1498.5,1.0
1091,Widget A,Toys,Warehouse 2,Aisle 1,200.0,29.99,Supplier A,In Stock,25-04-2023,5998.0,1.0
1353,Gadget X,Furniture,Warehouse 3,Aisle 3,300.0,19.99,Supplier B,Out of Stock,25-04-2023,5996.999999999999,0.0
1833,Widget B,Electronics,Warehouse 1,Aisle 5,100.0,29.99,Supplier A,In Stock,05-03-2023,2999.0,1.0
1799,Gadget Y,Toys,Warehouse 3,Aisle 2,150.0,49.99,Supplier A,In Stock,Not Available,7498.5,1.0
1726,Widget A,Toys,Warehouse 2,Aisle 3,150.0,29.99,Supplier D,Out of Stock,05-03-2023,4498.5,0.0
1958,Widget A,Furniture,Warehouse 1,Aisle 4,300.0,19.99,Supplier D,In Stock,25-04-2023,5996.999999999999,1.0
1853,Widget C,Toys,Warehouse 1,Aisle 4,300.0,9.99,Supplier B,Low Stock,15-01-2023,2997.0,0.5
1050,Widget C,Furniture,Warehouse 2,Aisle 1,50.0,19.99,Supplier D,Low Stock,15-01-2023,999.4999999999999,0.5
1664,Gadget Y,Furniture,Warehouse 2,Aisle 4,150.0,9.99,Supplier A,In Stock,20-12-2022,1498.5,1.0
1697,Gadget Z,Furniture,Warehouse 2,Aisle 3,50.0,19.99,Supplier A,Out of Stock,20-12-2022,999.4999999999999,0.0
1574,Widget A,Furniture,Warehouse 2,Aisle 4,50.0,9.99,Supplier D,Low Stock,15-01-2023,499.5,0.5
1189,Gadget Y,Electronics,Warehouse 2,Aisle 3,150.0,9.99,Supplier A,Out of Stock,25-04-2023,1498.5,0.0
1124,Widget C,Furniture,Warehouse 1,Aisle 2,100.0,19.99,Supplier A,Low Stock,20-12-2022,1998.9999999999998,0.5
1149,Widget C,Clothing,Warehouse 2,Aisle 1,50.0,19.99,Supplier B,In Stock,05-03-2023,999.4999999999999,1.0
1313,Widget A,Toys,Warehouse 1,Aisle 4,50.0,9.99,Supplier D,Out of Stock,05-03-2023,499.5,0.0
1569,Gadget X,Clothing,Warehouse 1,Aisle 3,150.0,49.99,Supplier A,Out of Stock,25-04-2023,7498.5,0.0
1341,Widget B,Electronics,Warehouse 2,Aisle 5,150.0,19.99,Supplier D,Out of Stock,20-12-2022,2998.4999999999995,0.0
1304,Widget C,Clothing,Warehouse 2,Aisle 1,200.0,29.99,Supplier B,Low Stock,05-03-2023,5998.0,0.5
1691,Gadget Z,Toys,Warehouse 1,Aisle 2,100.0,29.99,Supplier D,Low Stock,20-12-2022,2999.0,0.5
1681,Gadget Z,Clothing,Warehouse 2,Aisle 3,100.0,9.99,Supplier A,Low Stock,20-12-2022,999.0,0.5
1837,Widget C,Electronics,Warehouse 2,Aisle 2,150.0,9.99,Supplier D,In Stock,05-03-2023,1498.5,1.0
1782,Gadget X,Furniture,Warehouse 2,Aisle 2,300.0,29.99,Supplier A,Low Stock,15-01-2023,8997.0,0.5
1053,Gadget X,Clothing,Warehouse 3,Aisle 4,300.0,49.99,Supplier A,In Stock,05-03-2023,14997.0,1.0
1443,Gadget Y,Electronics,Warehouse 1,Aisle 4,150.0,29.99,Supplier A,Out of Stock,25-04-2023,4498.5,0.0
1612,Gadget Z,Electronics,Warehouse 3,Aisle 3,150.0,19.99,Supplier B,Out of Stock,Not Available,2998.4999999999995,0.0
1992,Gadget Y,Toys,Warehouse 2,Aisle 5,150.0,29.99,Supplier D,In Stock,05-03-2023,4498.5,1.0
1263,Gadget Z,Toys,Warehouse 3,Aisle 3,150.0,9.99,Supplier B,Low Stock,20-12-2022,1498.5,0.5
1052,Widget B,Clothing,Warehouse 2,Aisle 5,100.0,29.99,Supplier D,In Stock,20-12-2022,2999.0,1.0
1571,Widget B,Furniture,Warehouse 3,Aisle 2,100.0,29.99,Supplier B,Out of Stock,05-03-2023,2999.0,0.0
1619,Widget A,Electronics,Warehouse 2,Aisle 1,200.0,19.99,Supplier C,Out of Stock,Not Available,3997.9999999999995,0.0
1004,Gadget Y,Clothing,Warehouse 3,Aisle 3,300.0,29.99,Supplier A,In Stock,05-03-2023,8997.0,1.0
1102,Widget C,Electronics,Warehouse 3,Aisle 3,150.0,9.99,Supplier A,Low Stock,Not Available,1498.5,0.5
1195,Gadget Y,Electronics,Warehouse 3,Aisle 5,50.0,19.99,Supplier B,Low Stock,Not Available,999.4999999999999,0.5
1773,Widget C,Furniture,Warehouse 1,Aisle 2,300.0,9.99,Supplier C,In Stock,25-04-2023,2997.0,1.0
1876,Gadget X,Furniture,Warehouse 3,Aisle 2,50.0,49.99,Supplier A,In Stock,20-12-2022,2499.5,1.0
1991,Gadget Y,Clothing,Warehouse 1,Aisle 5,200.0,29.99,Supplier D,Low Stock,20-12-2022,5998.0,0.5
1883,Gadget X,Furniture,Warehouse 2,Aisle 2,200.0,49.99,Supplier B,Out of Stock,Not Available,9998.0,0.0
1349,Widget B,Furniture,Warehouse 3,Aisle 4,150.0,29.99,Supplier A,In Stock,20-12-2022,4498.5,1.0
1046,Widget B,Clothing,Warehouse 2,Aisle 1,200.0,29.99,Supplier A,Low Stock,15-01-2023,5998.0,0.5
1866,Widget A,Furniture,Warehouse 2,Aisle 3,200.0,19.99,Supplier B,Low Stock,Not Available,3997.9999999999995,0.5
1822,Gadget Y,Toys,Warehouse 3,Aisle 1,50.0,29.99,Supplier B,Out of Stock,20-12-2022,1499.5,0.0
1935,Gadget X,Electronics,Warehouse 1,Aisle 3,150.0,29.99,Supplier D,Out of Stock,15-01-2023,4498.5,0.0
1819,Widget C,Electronics,Warehouse 3,Aisle 4,200.0,29.99,Supplier D,Out of Stock,25-04-2023,5998.0,0.0
1655,Widget B,Electronics,Warehouse 2,Aisle 2,300.0,29.99,Supplier A,Out of Stock,20-12-2022,8997.0,0.0
1268,Widget B,Electronics,Warehouse 2,Aisle 5,200.0,9.99,Supplier A,Out of Stock,15-01-2023,1998.0,0.0
1369,Widget C,Clothing,Warehouse 3,Aisle 4,150.0,19.99,Supplier B,In Stock,05-03-2023,2998.4999999999995,1.0
1635,Gadget X,Electronics,Warehouse 1,Aisle 1,150.0,29.99,Supplier A,Low Stock,05-03-2023,4498.5,0.5
1105,Gadget X,Electronics,Warehouse 1,Aisle 5,150.0,29.99,Supplier A,In Stock,15-01-2023,4498.5,1.0
1669,Gadget Y,Electronics,Warehouse 2,Aisle 2,50.0,49.99,Supplier B,In Stock,Not Available,2499.5,1.0
1658,Gadget Y,Electronics,Warehouse 2,Aisle 4,150.0,29.99,Supplier A,In Stock,Not Available,4498.5,1.0
1656,Gadget Z,Toys,Warehouse 1,Aisle 5,300.0,29.99,Supplier A,In Stock,20-12-2022,8997.0,1.0
1119,Gadget Z,Electronics,Warehouse 3,Aisle 4,100.0,29.99,Supplier C,In Stock,05-03-2023,2999.0,1.0
1830,Widget A,Toys,Warehouse 2,Aisle 4,150.0,29.99,Supplier D,Out of Stock,Not Available,4498.5,0.0
1786,Widget B,Clothing,Warehouse 1,Aisle 2,50.0,49.99,Supplier B,Out of Stock,Not Available,2499.5,0.0
1603,Gadget Y,Furniture,Warehouse 2,Aisle 3,300.0,9.99,Supplier C,Low Stock,05-03-2023,2997.0,0.5
1057,Gadget X,Electronics,Warehouse 3,Aisle 5,150.0,19.99,Supplier D,In Stock,25-04-2023,2998.4999999999995,1.0
1950,Widget C,Furniture,Warehouse 1,Aisle 2,300.0,9.99,Supplier D,Low Stock,Not Available,2997.0,0.5
1345,Gadget X,Furniture,Warehouse 2,Aisle 4,150.0,29.99,Supplier D,Out of Stock,15-01-2023,4498.5,0.0
1740,Widget B,Clothing,Warehouse 3,Aisle 2,200.0,29.99,Supplier C,Out of Stock,20-12-2022,5998.0,0.0
1473,Gadget Z,Furniture,Warehouse 2,Aisle 3,150.0,19.99,Supplier C,Out of Stock,Not Available,2998.4999999999995,0.0
1116,Gadget X,Toys,Warehouse 3,Aisle 5,100.0,29.99,Supplier D,In Stock,Not Available,2999.0,1.0
1829,Widget A,Furniture,Warehouse 3,Aisle 3,150.0,29.99,Supplier A,In Stock,25-04-2023,4498.5,1.0
1790,Widget B,Furniture,Warehouse 1,Aisle 1,150.0,29.99,Supplier A,Out of Stock,15-01-2023,4498.5,0.0
1126,Gadget Z,Furniture,Warehouse 3,Aisle 5,150.0,19.99,Supplier C,Low Stock,20-12-2022,2998.4999999999995,0.5
1392,Widget C,Electronics,Warehouse 2,Aisle 3,150.0,19.99,Supplier C,Low Stock,Not Available,2998.4999999999995,0.5
1907,Gadget Z,Electronics,Warehouse 3,Aisle 4,150.0,49.99,Supplier C,Out of Stock,20-12-2022,7498.5,0.0
1640,Widget A,Toys,Warehouse 3,Aisle 5,200.0,49.99,Supplier D,Low Stock,05-03-2023,9998.0,0.5
1057,Widget B,Toys,Warehouse 1,Aisle 5,300.0,9.99,Supplier A,Out of Stock,Not Available,2997.0,0.0
1633,Widget C,Electronics,Warehouse 3,Aisle 2,150.0,19.99,Supplier C,Low Stock,Not Available,2998.4999999999995,0.5
1512,Widget A,Toys,Warehouse 3,Aisle 4,200.0,19.99,Supplier C,Out of Stock,05-03-2023,3997.9999999999995,0.0
1750,Gadget Z,Electronics,Warehouse 2,Aisle 1,300.0,19.99,Supplier B,Low Stock,25-04-2023,5996.999999999999,0.5
1801,Widget A,Clothing,Warehouse 1,Aisle 3,300.0,49.99,Supplier D,In Stock,Not Available,14997.0,1.0
1095,Widget B,Furniture,Warehouse 1,Aisle 2,200.0,29.99,Supplier B,Out of Stock,20-12-2022,5998.0,0.0
1637,Gadget Y,Furniture,Warehouse 1,Aisle 3,50.0,29.99,Supplier A,Out of Stock,15-01-2023,1499.5,0.0
1117,Widget A,Toys,Warehouse 3,Aisle 1,150.0,49.99,Supplier B,Low Stock,20-12-2022,7498.5,0.5
1559,Widget A,Electronics,Warehouse 1,Aisle 1,300.0,19.99,Supplier B,Out of Stock,25-04-2023,5996.999999999999,0.0
1600,Gadget Z,Electronics,Warehouse 3,Aisle 5,300.0,49.99,Supplier B,Out of Stock,15-01-2023,14997.0,0.0
1487,Gadget Z,Toys,Warehouse 3,Aisle 1,150.0,9.99,Supplier D,Out of Stock,20-12-2022,1498.5,0.0
1236,Widget C,Electronics,Warehouse 2,Aisle 3,300.0,19.99,Supplier A,In Stock,20-12-2022,5996.999999999999,1.0
1884,Gadget Z,Clothing,Warehouse 2,Aisle 4,200.0,9.99,Supplier B,In Stock,05-03-2023,1998.0,1.0
1896,Gadget X,Furniture,Warehouse 2,Aisle 4,300.0,19.99,Supplier D,Low Stock,25-04-2023,5996.999999999999,0.5
1271,Widget B,Toys,Warehouse 2,Aisle 5,50.0,49.99,Supplier A,In Stock,05-03-2023,2499.5,1.0
1188,Widget B,Toys,Warehouse 2,Aisle 3,150.0,29.99,Supplier C,Low Stock,15-01-2023,4498.5,0.5
1998,Gadget Y,Electronics,Warehouse 3,Aisle 3,150.0,29.99,Supplier B,In Stock,05-03-2023,4498.5,1.0
1703,Gadget Y,Toys,Warehouse 3,Aisle 1,300.0,9.99,Supplier A,Low Stock,25-04-2023,2997.0,0.5
1446,Widget B,Clothing,Warehouse 1,Aisle 3,100.0,49.99,Supplier B,In Stock,Not Available,4999.0,1.0
1580,Gadget Y,Electronics,Warehouse 3,Aisle 2,100.0,29.99,Supplier C,In Stock,Not Available,2999.0,1.0
1789,Widget C,Electronics,Warehouse 3,Aisle 1,200.0,49.99,Supplier A,Low Stock,15-01-2023,9998.0,0.5
1860,Gadget Z,Electronics,Warehouse 2,Aisle 2,100.0,9.99,Supplier D,Out of Stock,Not Available,999.0,0.0
1246,Widget B,Electronics,Warehouse 3,Aisle 5,200.0,29.99,Supplier A,Out of Stock,05-03-2023,5998.0,0.0
1962,Gadget Y,Clothing,Warehouse 2,Aisle 4,150.0,49.99,Supplier D,In Stock,15-01-2023,7498.5,1.0
1075,Widget B,Electronics,Warehouse 1,Aisle 5,200.0,19.99,Supplier A,Low Stock,25-04-2023,3997.9999999999995,0.5
1153,Gadget X,Toys,Warehouse 1,Aisle 4,100.0,29.99,Supplier D,Out of Stock,15-01-2023,2999.0,0.0
1655,Widget A,Clothing,Warehouse 3,Aisle 5,300.0,49.99,Supplier C,Low Stock,15-01-2023,14997.0,0.5
1434,Gadget Z,Furniture,Warehouse 1,Aisle 3,150.0,29.99,Supplier C,Out of Stock,20-12-2022,4498.5,0.0
1996,Widget B,Furniture,Warehouse 3,Aisle 2,100.0,19.99,Supplier C,Low Stock,20-12-2022,1998.9999999999998,0.5
1085,Widget A,Toys,Warehouse 1,Aisle 4,200.0,29.99,Supplier A,In Stock,15-01-2023,5998.0,1.0
1696,Gadget Y,Toys,Warehouse 2,Aisle 1,50.0,29.99,Supplier C,Low Stock,Not Available,1499.5,0.5
1284,Widget A,Clothing,Warehouse 2,Aisle 2,150.0,19.99,Supplier B,Out of Stock,20-12-2022,2998.4999999999995,0.0
1973,Gadget Z,Furniture,Warehouse 2,Aisle 1,100.0,29.99,Supplier C,In Stock,25-04-2023,2999.0,1.0
1219,Widget B,Furniture,Warehouse 2,Aisle 2,200.0,49.99,Supplier D,Low Stock,05-03-2023,9998.0,0.5
1068,Gadget X,Furniture,Warehouse 3,Aisle 2,150.0,19.99,Supplier D,Out of Stock,20-12-2022,2998.4999999999995,0.0
1046,Gadget Y,Furniture,Warehouse 1,Aisle 5,100.0,9.99,Supplier D,In Stock,15-01-2023,999.0,1.0
1093,Widget B,Furniture,Warehouse 3,Aisle 4,100.0,29.99,Supplier A,Low Stock,Not Available,2999.0,0.5
1749,Gadget Z,Electronics,Warehouse 2,Aisle 4,150.0,29.99,Supplier B,Out of Stock,05-03-2023,4498.5,0.0
1957,Gadget Y,Toys,Warehouse 3,Aisle 2,200.0,19.99,Supplier C,Low Stock,20-12-2022,3997.9999999999995,0.5
1452,Widget C,Electronics,Warehouse 1,Aisle 3,50.0,29.99,Supplier B,Low Stock,Not Available,1499.5,0.5
1203,Widget A,Furniture,Warehouse 3,Aisle 3,150.0,29.99,Supplier B,In Stock,Not Available,4498.5,1.0
1911,Gadget Z,Clothing,Warehouse 1,Aisle 1,200.0,29.99,Supplier D,In Stock,Not Available,5998.0,1.0
1217,Widget C,Clothing,Warehouse 3,Aisle 1,150.0,19.99,Supplier D,Out of Stock,15-01-2023,2998.4999999999995,0.0
1473,Widget B,Furniture,Warehouse 1,Aisle 5,100.0,29.99,Supplier D,In Stock,25-04-2023,2999.0,1.0
1431,Gadget X,Furniture,Warehouse 1,Aisle 2,150.0,9.99,Supplier A,Out of Stock,Not Available,1498.5,0.0
1340,Gadget Y,Clothing,Warehouse 2,Aisle 1,150.0,19.99,Supplier B,Low Stock,05-03-2023,2998.4999999999995,0.5
1550,Widget A,Electronics,Warehouse 1,Aisle 1,300.0,49.99,Supplier B,Low Stock,20-12-2022,14997.0,0.5
1611,Gadget Y,Electronics,Warehouse 2,Aisle 2,50.0,19.99,Supplier A,Out of Stock,05-03-2023,999.4999999999999,0.0
1288,Widget B,Furniture,Warehouse 2,Aisle 5,150.0,29.99,Supplier A,Low Stock,15-01-2023,4498.5,0.5
1253,Gadget Y,Electronics,Warehouse 2,Aisle 1,100.0,19.99,Supplier A,In Stock,15-01-2023,1998.9999999999998,1.0
1733,Widget A,Clothing,Warehouse 3,Aisle 5,50.0,9.99,Supplier B,Low Stock,05-03-2023,499.5,0.5
1356,Widget B,Electronics,Warehouse 3,Aisle 4,200.0,9.99,Supplier B,In Stock,25-04-2023,1998.0,1.0
1022,Gadget Y,Furniture,Warehouse 3,Aisle 5,150.0,49.99,Supplier D,Out of Stock,15-01-2023,7498.5,0.0
1761,Gadget X,Clothing,Warehouse 3,Aisle 3,50.0,29.99,Supplier D,Out of Stock,15-01-2023,1499.5,0.0
1521,Gadget Z,Electronics,Warehouse 1,Aisle 3,100.0,29.99,Supplier B,Low Stock,05-03-2023,2999.0,0.5
1757,Widget B,Toys,Warehouse 1,Aisle 5,300.0,29.99,Supplier D,Low Stock,15-01-2023,8997.0,0.5
1836,Gadget Z,Clothing,Warehouse 3,Aisle 3,150.0,29.99,Supplier A,In Stock,25-04-2023,4498.5,1.0
1099,Widget B,Clothing,Warehouse 1,Aisle 4,150.0,9.99,Supplier C,In Stock,25-04-2023,1498.5,1.0
1801,Gadget X,Toys,Warehouse 1,Aisle 2,100.0,9.99,Supplier D,Low Stock,25-04-2023,999.0,0.5
1179,Gadget Z,Toys,Warehouse 2,Aisle 3,100.0,19.99,Supplier B,Low Stock,20-12-2022,1998.9999999999998,0.5
1222,Widget C,Clothing,Warehouse 2,Aisle 3,150.0,49.99,Supplier D,Out of Stock,25-04-2023,7498.5,0.0
1905,Widget A,Toys,Warehouse 2,Aisle 5,300.0,49.99,Supplier D,Out of Stock,25-04-2023,14997.0,0.0
1761,Widget C,Furniture,Warehouse 2,Aisle 4,50.0,49.99,Supplier D,Out of Stock,20-12-2022,2499.5,0.0
1658,Gadget Y,Furniture,Warehouse 1,Aisle 2,150.0,19.99,Supplier C,Low Stock,Not Available,2998.4999999999995,0.5
1441,Gadget X,Furniture,Warehouse 3,Aisle 5,100.0,49.99,Supplier A,Low Stock,15-01-2023,4999.0,0.5
1607,Widget C,Clothing,Warehouse 1,Aisle 5,150.0,29.99,Supplier B,Low Stock,25-04-2023,4498.5,0.5
1768,Widget B,Toys,Warehouse 1,Aisle 4,200.0,19.99,Supplier C,Out of Stock,15-01-2023,3997.9999999999995,0.0
1324,Gadget Y,Toys,Warehouse 1,Aisle 2,300.0,29.99,Supplier B,Low Stock,05-03-2023,8997.0,0.5
1515,Gadget Y,Electronics,Warehouse 2,Aisle 4,300.0,19.99,Supplier B,In Stock,15-01-2023,5996.999999999999,1.0
1015,Widget C,Electronics,Warehouse 2,Aisle 2,150.0,49.99,Supplier B,Low Stock,20-12-2022,7498.5,0.5
1791,Widget C,Toys,Warehouse 2,Aisle 4,150.0,29.99,Supplier C,Low Stock,15-01-2023,4498.5,0.5
1335,Gadget X,Toys,Warehouse 3,Aisle 5,100.0,29.99,Supplier A,Low Stock,15-01-2023,2999.0,0.5
1758,Widget A,Toys,Warehouse 1,Aisle 5,150.0,29.99,Supplier B,Low Stock,15-01-2023,4498.5,0.5
1257,Widget C,Clothing,Warehouse 3,Aisle 1,50.0,19.99,Supplier A,Low Stock,Not Available,999.4999999999999,0.5
1496,Widget C,Toys,Warehouse 2,Aisle 3,300.0,29.99,Supplier A,In Stock,Not Available,8997.0,1.0
1987,Gadget Z,Electronics,Warehouse 3,Aisle 4,300.0,49.99,Supplier D,In Stock,05-03-2023,14997.0,1.0
1895,Widget B,Clothing,Warehouse 1,Aisle 1,150.0,29.99,Supplier C,Low Stock,20-12-2022,4498.5,0.5
1159,Gadget Z,Toys,Warehouse 1,Aisle 3,150.0,29.99,Supplier C,Out of Stock,15-01-2023,4498.5,0.0
1474,Gadget Z,Electronics,Warehouse 2,Aisle 4,300.0,49.99,Supplier D,Low Stock,15-01-2023,14997.0,0.5
1851,Gadget Y,Clothing,Warehouse 2,Aisle 2,50.0,49.99,Supplier D,Low Stock,15-01-2023,2499.5,0.5
1663,Widget A,Toys,Warehouse 3,Aisle 3,150.0,29.99,Supplier A,Low Stock,15-01-2023,4498.5,0.5
1907,Widget B,Toys,Warehouse 2,Aisle 5,50.0,29.99,Supplier B,Out of Stock,Not Available,1499.5,0.0
1689,Gadget X,Toys,Warehouse 2,Aisle 1,150.0,19.99,Supplier C,Out of Stock,05-03-2023,2998.4999999999995,0.0
1674,Gadget X,Clothing,Warehouse 1,Aisle 3,300.0,29.99,Supplier B,Out of Stock,25-04-2023,8997.0,0.0
1379,Widget C,Electronics,Warehouse 2,Aisle 3,200.0,29.99,Supplier B,In Stock,20-12-2022,5998.0,1.0
1544,Widget C,Electronics,Warehouse 2,Aisle 5,300.0,29.99,Supplier D,Out of Stock,15-01-2023,8997.0,0.0
1928,Gadget X,Furniture,Warehouse 1,Aisle 4,150.0,49.99,Supplier B,In Stock,05-03-2023,7498.5,1.0
1956,Widget C,Toys,Warehouse 1,Aisle 2,300.0,29.99,Supplier A,In Stock,25-04-2023,8997.0,1.0
1690,Widget A,Furniture,Warehouse 3,Aisle 5,300.0,49.99,Supplier D,Out of Stock,05-03-2023,14997.0,0.0
1426,Gadget Z,Furniture,Warehouse 2,Aisle 2,100.0,49.99,Supplier B,Out of Stock,Not Available,4999.0,0.0
1612,Widget C,Electronics,Warehouse 1,Aisle 4,300.0,29.99,Supplier D,Out of Stock,25-04-2023,8997.0,0.0
1267,Gadget Y,Clothing,Warehouse 3,Aisle 3,300.0,9.99,Supplier A,In Stock,05-03-2023,2997.0,1.0
1834,Widget C,Clothing,Warehouse 3,Aisle 2,50.0,29.99,Supplier A,Low Stock,Not Available,1499.5,0.5
1576,Widget B,Electronics,Warehouse 2,Aisle 1,200.0,49.99,Supplier B,Out of Stock,05-03-2023,9998.0,0.0
1416,Widget A,Clothing,Warehouse 2,Aisle 1,50.0,49.99,Supplier D,Out of Stock,05-03-2023,2499.5,0.0
1167,Widget B,Furniture,Warehouse 3,Aisle 5,50.0,9.99,Supplier B,Out of Stock,25-04-2023,499.5,0.0
1841,Widget B,Toys,Warehouse 1,Aisle 4,150.0,19.99,Supplier B,In Stock,Not Available,2998.4999999999995,1.0
1042,Gadget Y,Electronics,Warehouse 3,Aisle 5,100.0,9.99,Supplier D,In Stock,15-01-2023,999.0,1.0
1555,Widget A,Toys,Warehouse 2,Aisle 5,50.0,9.99,Supplier B,Low Stock,20-12-2022,499.5,0.5
1284,Widget A,Clothing,Warehouse 1,Aisle 5,150.0,49.99,Supplier A,Out of Stock,25-04-2023,7498.5,0.0
1396,Widget A,Toys,Warehouse 1,Aisle 1,150.0,29.99,Supplier D,In Stock,Not Available,4498.5,1.0
1011,Widget A,Clothing,Warehouse 3,Aisle 1,300.0,9.99,Supplier D,Low Stock,05-03-2023,2997.0,0.5
1606,Widget A,Clothing,Warehouse 2,Aisle 5,150.0,19.99,Supplier D,Out of Stock,Not Available,2998.4999999999995,0.0
1301,Gadget Y,Furniture,Warehouse 3,Aisle 1,100.0,29.99,Supplier D,In Stock,20-12-2022,2999.0,1.0
1897,Widget C,Clothing,Warehouse 3,Aisle 4,100.0,9.99,Supplier B,Out of Stock,20-12-2022,999.0,0.0
1252,Widget B,Furniture,Warehouse 3,Aisle 5,300.0,9.99,Supplier B,Out of Stock,15-01-2023,2997.0,0.0
1498,Widget A,Furniture,Warehouse 1,Aisle 1,150.0,19.99,Supplier A,In Stock,15-01-2023,2998.4999999999995,1.0
1753,Widget C,Furniture,Warehouse 1,Aisle 2,200.0,29.99,Supplier C,In Stock,20-12-2022,5998.0,1.0
1034,Widget C,Electronics,Warehouse 2,Aisle 5,150.0,9.99,Supplier C,In Stock,25-04-2023,1498.5,1.0
1726,Widget B,Electronics,Warehouse 2,Aisle 5,300.0,9.99,Supplier A,Out of Stock,25-04-2023,2997.0,0.0
1848,Gadget Y,Clothing,Warehouse 3,Aisle 4,150.0,29.99,Supplier C,Out of Stock,05-03-2023,4498.5,0.0
1089,Gadget X,Furniture,Warehouse 3,Aisle 3,150.0,19.99,Supplier A,Low Stock,15-01-2023,2998.4999999999995,0.5
1775,Gadget X,Electronics,Warehouse 3,Aisle 3,150.0,9.99,Supplier B,Out of Stock,05-03-2023,1498.5,0.0
1604,Widget C,Furniture,Warehouse 2,Aisle 4,200.0,29.99,Supplier D,In Stock,15-01-2023,5998.0,1.0
1921,Gadget Z,Toys,Warehouse 1,Aisle 4,200.0,9.99,Supplier D,Out of Stock,20-12-2022,1998.0,0.0
1969,Gadget Z,Toys,Warehouse 1,Aisle 4,100.0,29.99,Supplier B,Low Stock,25-04-2023,2999.0,0.5
1601,Widget B,Toys,Warehouse 3,Aisle 3,150.0,49.99,Supplier D,Low Stock,25-04-2023,7498.5,0.5
1417,Gadget X,Clothing,Warehouse 3,Aisle 4,150.0,29.99,Supplier D,In Stock,20-12-2022,4498.5,1.0
1114,Widget C,Furniture,Warehouse 3,Aisle 1,150.0,9.99,Supplier C,In Stock,05-03-2023,1498.5,1.0
1616,Gadget Y,Toys,Warehouse 3,Aisle 5,100.0,19.99,Supplier B,Low Stock,05-03-2023,1998.9999999999998,0.5
1902,Gadget X,Electronics,Warehouse 2,Aisle 5,300.0,49.99,Supplier C,Low Stock,Not Available,14997.0,0.5
1195,Widget C,Toys,Warehouse 1,Aisle 2,150.0,29.99,Supplier C,Low Stock,15-01-2023,4498.5,0.5
1825,Widget C,Toys,Warehouse 3,Aisle 2,100.0,29.99,Supplier D,In Stock,05-03-2023,2999.0,1.0
1500,Widget A,Toys,Warehouse 2,Aisle 5,100.0,19.99,Supplier D,Low Stock,20-12-2022,1998.9999999999998,0.5
1625,Gadget Y,Clothing,Warehouse 3,Aisle 1,150.0,29.99,Supplier B,Low Stock,05-03-2023,4498.5,0.5
1492,Widget A,Electronics,Warehouse 3,Aisle 3,100.0,29.99,Supplier D,In Stock,25-04-2023,2999.0,1.0
1074,Widget B,Furniture,Warehouse 1,Aisle 3,200.0,9.99,Supplier D,Out of Stock,15-01-2023,1998.0,0.0
1412,Widget A,Electronics,Warehouse 3,Aisle 1,200.0,29.99,Supplier B,Out of Stock,Not Available,5998.0,0.0
1375,Widget A,Furniture,Warehouse 1,Aisle 3,50.0,29.99,Supplier D,Low Stock,15-01-2023,1499.5,0.5
1419,Gadget X,Clothing,Warehouse 1,Aisle 4,150.0,29.99,Supplier C,Out of Stock,25-04-2023,4498.5,0.0
1728,Gadget Z,Clothing,Warehouse 1,Aisle 5,300.0,9.99,Supplier B,Out of Stock,25-04-2023,2997.0,0.0
1276,Widget C,Clothing,Warehouse 2,Aisle 5,50.0,29.99,Supplier D,Out of Stock,25-04-2023,1499.5,0.0
1760,Gadget Y,Clothing,Warehouse 2,Aisle 1,200.0,29.99,Supplier A,Out of Stock,25-04-2023,5998.0,0.0
1675,Widget A,Furniture,Warehouse 1,Aisle 3,50.0,9.99,Supplier B,Low Stock,20-12-2022,499.5,0.5
1393,Gadget Y,Toys,Warehouse 3,Aisle 2,150.0,29.99,Supplier B,Out of Stock,Not Available,4498.5,0.0
1868,Gadget Z,Furniture,Warehouse 1,Aisle 2,150.0,9.99,Supplier A,Out of Stock,25-04-2023,1498.5,0.0
1456,Gadget Z,Electronics,Warehouse 3,Aisle 3,100.0,19.99,Supplier D,In Stock,25-04-2023,1998.9999999999998,1.0
1919,Widget A,Clothing,Warehouse 1,Aisle 2,150.0,29.99,Supplier D,Low Stock,05-03-2023,4498.5,0.5
1191,Widget B,Clothing,Warehouse 3,Aisle 1,100.0,19.99,Supplier B,In Stock,Not Available,1998.9999999999998,1.0
1738,Widget A,Electronics,Warehouse 2,Aisle 1,150.0,49.99,Supplier B,In Stock,15-01-2023,7498.5,1.0
1688,Gadget X,Furniture,Warehouse 3,Aisle 3,200.0,49.99,Supplier D,Low Stock,Not Available,9998.0,0.5
1098,Widget C,Toys,Warehouse 1,Aisle 2,300.0,49.99,Supplier D,Out of Stock,Not Available,14997.0,0.0
1547,Widget B,Toys,Warehouse 2,Aisle 1,200.0,9.99,Supplier C,In Stock,Not Available,1998.0,1.0
1977,Widget A,Electronics,Warehouse 3,Aisle 1,100.0,29.99,Supplier B,Low Stock,25-04-2023,2999.0,0.5
1998,Gadget Y,Toys,Warehouse 3,Aisle 4,300.0,19.99,Supplier B,Out of Stock,25-04-2023,5996.999999999999,0.0
1095,Widget B,Furniture,Warehouse 3,Aisle 4,150.0,19.99,Supplier A,Low Stock,20-12-2022,2998.4999999999995,0.5
1663,Widget B,Furniture,Warehouse 3,Aisle 1,200.0,19.99,Supplier C,In Stock,15-01-2023,3997.9999999999995,1.0
1662,Widget A,Electronics,Warehouse 3,Aisle 3,150.0,19.99,Supplier D,Out of Stock,05-03-2023,2998.4999999999995,0.0
1189,Widget B,Furniture,Warehouse 2,Aisle 5,300.0,49.99,Supplier C,Out of Stock,Not Available,14997.0,0.0
1735,Gadget Y,Clothing,Warehouse 2,Aisle 5,300.0,19.99,Supplier D,Low Stock,15-01-2023,5996.999999999999,0.5
1036,Gadget Z,Electronics,Warehouse 2,Aisle 1,200.0,29.99,Supplier D,Out of Stock,15-01-2023,5998.0,0.0
1779,Widget B,Furniture,Warehouse 2,Aisle 1,150.0,49.99,Supplier C,In Stock,20-12-2022,7498.5,1.0
1368,Gadget Z,Electronics,Warehouse 1,Aisle 1,50.0,19.99,Supplier B,In Stock,05-03-2023,999.4999999999999,1.0
1694,Gadget Y,Toys,Warehouse 2,Aisle 3,150.0,9.99,Supplier D,In Stock,Not Available,1498.5,1.0
1524,Widget A,Furniture,Warehouse 3,Aisle 4,300.0,29.99,Supplier C,Low Stock,05-03-2023,8997.0,0.5
1278,Widget C,Clothing,Warehouse 3,Aisle 1,150.0,29.99,Supplier A,Out of Stock,20-12-2022,4498.5,0.0
1216,Widget B,Furniture,Warehouse 2,Aisle 1,100.0,29.99,Supplier C,Out of Stock,25-04-2023,2999.0,0.0
1866,Widget C,Electronics,Warehouse 3,Aisle 2,50.0,49.99,Supplier A,Out of Stock,15-01-2023,2499.5,0.0
1872,Gadget Y,Electronics,Warehouse 2,Aisle 3,150.0,19.99,Supplier D,In Stock,Not Available,2998.4999999999995,1.0
1797,Widget B,Furniture,Warehouse 3,Aisle 1,100.0,49.99,Supplier C,Out of Stock,25-04-2023,4999.0,0.0
1272,Gadget Z,Clothing,Warehouse 1,Aisle 2,150.0,29.99,Supplier C,In Stock,20-12-2022,4498.5,1.0
1880,Gadget X,Clothing,Warehouse 1,Aisle 5,200.0,9.99,Supplier A,Out of Stock,05-03-2023,1998.0,0.0
1061,Widget C,Clothing,Warehouse 2,Aisle 1,150.0,9.99,Supplier C,In Stock,15-01-2023,1498.5,1.0
1595,Widget B,Electronics,Warehouse 2,Aisle 1,150.0,29.99,Supplier C,Out of Stock,Not Available,4498.5,0.0
1879,Widget C,Furniture,Warehouse 2,Aisle 2,150.0,29.99,Supplier D,Low Stock,25-04-2023,4498.5,0.5
1728,Widget B,Toys,Warehouse 3,Aisle 3,300.0,29.99,Supplier C,Low Stock,25-04-2023,8997.0,0.5
1341,Widget A,Electronics,Warehouse 2,Aisle 1,100.0,19.99,Supplier B,In Stock,15-01-2023,1998.9999999999998,1.0
1396,Gadget Z,Clothing,Warehouse 1,Aisle 5,100.0,29.99,Supplier A,In Stock,05-03-2023,2999.0,1.0
1698,Widget C,Furniture,Warehouse 3,Aisle 1,150.0,29.99,Supplier C,Out of Stock,20-12-2022,4498.5,0.0
1018,Gadget X,Clothing,Warehouse 2,Aisle 5,100.0,29.99,Supplier A,Out of Stock,05-03-2023,2999.0,0.0
1176,Gadget X,Toys,Warehouse 3,Aisle 4,300.0,29.99,Supplier A,Low Stock,05-03-2023,8997.0,0.5
1611,Gadget Y,Clothing,Warehouse 3,Aisle 4,100.0,29.99,Supplier A,Out of Stock,05-03-2023,2999.0,0.0
1395,Widget B,Clothing,Warehouse 2,Aisle 5,150.0,9.99,Supplier C,In Stock,15-01-2023,1498.5,1.0
1444,Widget C,Toys,Warehouse 3,Aisle 3,50.0,29.99,Supplier C,In Stock,15-01-2023,1499.5,1.0
1232,Gadget Y,Furniture,Warehouse 1,Aisle 1,50.0,29.99,Supplier A,In Stock,20-12-2022,1499.5,1.0
1914,Widget C,Electronics,Warehouse 1,Aisle 1,200.0,29.99,Supplier B,In Stock,05-03-2023,5998.0,1.0
1075,Widget B,Furniture,Warehouse 3,Aisle 4,100.0,29.99,Supplier A,In Stock,15-01-2023,2999.0,1.0
1264,Gadget X,Toys,Warehouse 2,Aisle 5,150.0,49.99,Supplier B,Low Stock,20-12-2022,7498.5,0.5
1454,Widget A,Clothing,Warehouse 3,Aisle 1,100.0,9.99,Supplier A,Low Stock,20-12-2022,999.0,0.5
1795,Gadget X,Furniture,Warehouse 1,Aisle 1,150.0,49.99,Supplier D,In Stock,05-03-2023,7498.5,1.0
1717,Gadget Y,Electronics,Warehouse 3,Aisle 3,300.0,19.99,Supplier A,Out of Stock,Not Available,5996.999999999999,0.0
1734,Gadget Z,Toys,Warehouse 3,Aisle 2,100.0,29.99,Supplier A,In Stock,05-03-2023,2999.0,1.0
1383,Widget A,Furniture,Warehouse 1,Aisle 4,100.0,19.99,Supplier C,Low Stock,Not Available,1998.9999999999998,0.5
1563,Gadget Y,Electronics,Warehouse 3,Aisle 4,50.0,29.99,Supplier B,In Stock,20-12-2022,1499.5,1.0
1850,Widget B,Toys,Warehouse 3,Aisle 2,300.0,49.99,Supplier D,Low Stock,15-01-2023,14997.0,0.5
1505,Widget A,Electronics,Warehouse 2,Aisle 1,150.0,29.99,Supplier B,Low Stock,25-04-2023,4498.5,0.5
1366,Gadget Y,Toys,Warehouse 2,Aisle 3,100.0,29.99,Supplier D,In Stock,20-12-2022,2999.0,1.0
1143,Widget B,Clothing,Warehouse 1,Aisle 3,50.0,29.99,Supplier A,In Stock,15-01-2023,1499.5,1.0
1884,Gadget X,Furniture,Warehouse 1,Aisle 4,200.0,29.99,Supplier C,Out of Stock,20-12-2022,5998.0,0.0
1068,Gadget Z,Electronics,Warehouse 1,Aisle 3,300.0,49.99,Supplier C,Low Stock,05-03-2023,14997.0,0.5
1098,Widget B,Toys,Warehouse 2,Aisle 2,50.0,29.99,Supplier B,Out of Stock,Not Available,1499.5,0.0
1395,Widget C,Electronics,Warehouse 1,Aisle 1,50.0,49.99,Supplier C,In Stock,20-12-2022,2499.5,1.0
1024,Widget B,Electronics,Warehouse 1,Aisle 2,50.0,19.99,Supplier B,Low Stock,15-01-2023,999.4999999999999,0.5
1947,Widget B,Furniture,Warehouse 1,Aisle 5,100.0,49.99,Supplier B,Out of Stock,05-03-2023,4999.0,0.0
1890,Gadget Z,Clothing,Warehouse 2,Aisle 4,100.0,9.99,Supplier D,Out of Stock,25-04-2023,999.0,0.0
1468,Widget C,Electronics,Warehouse 3,Aisle 3,200.0,9.99,Supplier B,Out of Stock,05-03-2023,1998.0,0.0
1483,Gadget Y,Toys,Warehouse 1,Aisle 5,150.0,9.99,Supplier D,In Stock,Not Available,1498.5,1.0
1564,Gadget Y,Toys,Warehouse 3,Aisle 3,150.0,29.99,Supplier C,In Stock,05-03-2023,4498.5,1.0
1150,Widget B,Clothing,Warehouse 1,Aisle 1,150.0,29.99,Supplier B,In Stock,25-04-2023,4498.5,1.0
1143,Widget C,Toys,Warehouse 3,Aisle 1,300.0,29.99,Supplier B,Low Stock,15-01-2023,8997.0,0.5
1568,Widget C,Clothing,Warehouse 2,Aisle 1,300.0,49.99,Supplier A,In Stock,20-12-2022,14997.0,1.0
1038,Gadget Z,Toys,Warehouse 2,Aisle 3,200.0,29.99,Supplier B,Low Stock,Not Available,5998.0,0.5
1108,Gadget X,Furniture,Warehouse 1,Aisle 5,300.0,19.99,Supplier B,Out of Stock,25-04-2023,5996.999999999999,0.0
1692,Gadget Y,Electronics,Warehouse 3,Aisle 1,150.0,9.99,Supplier A,Out of Stock,Not Available,1498.5,0.0
1041,Gadget Z,Furniture,Warehouse 2,Aisle 5,150.0,49.99,Supplier A,In Stock,05-03-2023,7498.5,1.0
1185,Widget A,Electronics,Warehouse 1,Aisle 3,50.0,9.99,Supplier C,Out of Stock,Not Available,499.5,0.0
1934,Gadget Y,Electronics,Warehouse 1,Aisle 5,300.0,29.99,Supplier B,In Stock,25-04-2023,8997.0,1.0
1397,Gadget Z,Electronics,Warehouse 2,Aisle 3,100.0,49.99,Supplier C,Low Stock,20-12-2022,4999.0,0.5
1222,Gadget Y,Furniture,Warehouse 2,Aisle 3,100.0,29.99,Supplier C,Out of Stock,20-12-2022,2999.0,0.0
1633,Gadget X,Electronics,Warehouse 1,Aisle 4,50.0,19.99,Supplier A,In Stock,Not Available,999.4999999999999,1.0
1132,Widget A,Furniture,Warehouse 3,Aisle 3,50.0,29.99,Supplier D,Out of Stock,15-01-2023,1499.5,0.0
1162,Gadget X,Clothing,Warehouse 3,Aisle 3,50.0,29.99,Supplier C,Out of Stock,Not Available,1499.5,0.0
1214,Widget A,Toys,Warehouse 3,Aisle 2,100.0,19.99,Supplier D,In Stock,05-03-2023,1998.9999999999998,1.0
1732,Widget B,Toys,Warehouse 1,Aisle 1,150.0,19.99,Supplier B,Out of Stock,20-12-2022,2998.4999999999995,0.0
1234,Gadget Z,Electronics,Warehouse 2,Aisle 4,50.0,29.99,Supplier A,Out of Stock,20-12-2022,1499.5,0.0
1842,Widget A,Furniture,Warehouse 1,Aisle 4,200.0,29.99,Supplier B,Out of Stock,20-12-2022,5998.0,0.0
1657,Gadget X,Toys,Warehouse 2,Aisle 4,50.0,29.99,Supplier B,Out of Stock,15-01-2023,1499.5,0.0
1750,Gadget Y,Furniture,Warehouse 3,Aisle 2,150.0,9.99,Supplier A,Low Stock,15-01-2023,1498.5,0.5
1587,Widget A,Furniture,Warehouse 3,Aisle 3,50.0,49.99,Supplier B,Out of Stock,25-04-2023,2499.5,0.0
1008,Gadget Z,Electronics,Warehouse 2,Aisle 1,100.0,49.99,Supplier A,Out of Stock,Not Available,4999.0,0.0
1073,Widget A,Toys,Warehouse 2,Aisle 5,300.0,9.99,Supplier D,In Stock,Not Available,2997.0,1.0
1953,Widget C,Electronics,Warehouse 1,Aisle 3,50.0,49.99,Supplier B,Low Stock,05-03-2023,2499.5,0.5
1491,Gadget Y,Electronics,Warehouse 3,Aisle 2,300.0,19.99,Supplier A,In Stock,20-12-2022,5996.999999999999,1.0
1912,Gadget Z,Toys,Warehouse 1,Aisle 3,150.0,49.99,Supplier C,In Stock,15-01-2023,7498.5,1.0
1252,Gadget Z,Toys,Warehouse 1,Aisle 3,200.0,49.99,Supplier B,In Stock,05-03-2023,9998.0,1.0
1229,Widget B,Clothing,Warehouse 1,Aisle 2,300.0,9.99,Supplier D,Low Stock,05-03-2023,2997.0,0.5
1518,Gadget X,Clothing,Warehouse 3,Aisle 4,150.0,29.99,Supplier A,In Stock,15-01-2023,4498.5,1.0
1173,Widget B,Furniture,Warehouse 1,Aisle 4,50.0,49.99,Supplier B,In Stock,Not Available,2499.5,1.0
1652,Gadget Z,Toys,Warehouse 1,Aisle 1,150.0,49.99,Supplier B,In Stock,20-12-2022,7498.5,1.0
1167,Gadget Y,Clothing,Warehouse 1,Aisle 1,150.0,29.99,Supplier B,Out of Stock,Not Available,4498.5,0.0
1169,Widget A,Furniture,Warehouse 1,Aisle 4,300.0,9.99,Supplier D,In Stock,05-03-2023,2997.0,1.0
1392,Widget A,Furniture,Warehouse 1,Aisle 5,200.0,29.99,Supplier A,Low Stock,20-12-2022,5998.0,0.5
1945,Gadget Y,Furniture,Warehouse 1,Aisle 3,100.0,9.99,Supplier C,Low Stock,25-04-2023,999.0,0.5
1794,Gadget Z,Clothing,Warehouse 3,Aisle 5,50.0,19.99,Supplier C,Out of Stock,05-03-2023,999.4999999999999,0.0
1633,Widget A,Toys,Warehouse 1,Aisle 3,150.0,9.99,Supplier C,Low Stock,Not Available,1498.5,0.5
1193,Widget A,Electronics,Warehouse 2,Aisle 4,200.0,19.99,Supplier A,Low Stock,Not Available,3997.9999999999995,0.5
1516,Widget A,Furniture,Warehouse 1,Aisle 1,150.0,19.99,Supplier C,Out of Stock,Not Available,2998.4999999999995,0.0
1028,Gadget X,Clothing,Warehouse 1,Aisle 1,150.0,9.99,Supplier D,In Stock,15-01-2023,1498.5,1.0
1164,Gadget X,Clothing,Warehouse 3,Aisle 5,200.0,29.99,Supplier A,Out of Stock,05-03-2023,5998.0,0.0
1421,Widget C,Electronics,Warehouse 3,Aisle 1,100.0,9.99,Supplier B,In Stock,20-12-2022,999.0,1.0
1338,Widget B,Electronics,Warehouse 2,Aisle 4,100.0,49.99,Supplier D,In Stock,Not Available,4999.0,1.0
1647,Gadget Y,Clothing,Warehouse 2,Aisle 5,150.0,49.99,Supplier B,Low Stock,Not Available,7498.5,0.5
1495,Gadget Y,Toys,Warehouse 3,Aisle 3,150.0,29.99,Supplier C,Out of Stock,15-01-2023,4498.5,0.0
1364,Gadget Y,Electronics,Warehouse 3,Aisle 1,300.0,19.99,Supplier D,Low Stock,20-12-2022,5996.999999999999,0.5
1832,Widget C,Clothing,Warehouse 1,Aisle 2,50.0,29.99,Supplier A,Low Stock,05-03-2023,1499.5,0.5
1341,Gadget X,Electronics,Warehouse 3,Aisle 1,200.0,49.99,Supplier D,In Stock,25-04-2023,9998.0,1.0
1499,Gadget Z,Toys,Warehouse 2,Aisle 3,150.0,29.99,Supplier B,Low Stock,15-01-2023,4498.5,0.5
1656,Gadget Z,Furniture,Warehouse 1,Aisle 5,50.0,9.99,Supplier A,Out of Stock,05-03-2023,499.5,0.0
1510,Widget C,Electronics,Warehouse 2,Aisle 3,300.0,29.99,Supplier D,Low Stock,25-04-2023,8997.0,0.5
1326,Gadget Z,Toys,Warehouse 1,Aisle 2,50.0,19.99,Supplier D,Low Stock,Not Available,999.4999999999999,0.5
1216,Gadget Y,Clothing,Warehouse 3,Aisle 4,150.0,9.99,Supplier D,In Stock,Not Available,1498.5,1.0
1300,Widget B,Electronics,Warehouse 2,Aisle 1,100.0,29.99,Supplier D,Out of Stock,20-12-2022,2999.0,0.0
1131,Widget A,Electronics,Warehouse 1,Aisle 5,200.0,49.99,Supplier A,Low Stock,25-04-2023,9998.0,0.5
1803,Gadget X,Clothing,Warehouse 1,Aisle 4,200.0,49.99,Supplier B,In Stock,Not Available,9998.0,1.0
1069,Gadget X,Furniture,Warehouse 3,Aisle 3,100.0,29.99,Supplier D,Low Stock,Not Available,2999.0,0.5
1251,Widget C,Clothing,Warehouse 3,Aisle 5,150.0,9.99,Supplier A,Out of Stock,20-12-2022,1498.5,0.0
1414,Gadget X,Electronics,Warehouse 3,Aisle 4,200.0,29.99,Supplier B,Low Stock,05-03-2023,5998.0,0.5
1786,Gadget Y,Clothing,Warehouse 2,Aisle 5,150.0,9.99,Supplier D,Low Stock,Not Available,1498.5,0.5
1444,Gadget Z,Toys,Warehouse 1,Aisle 2,300.0,49.99,Supplier B,In Stock,15-01-2023,14997.0,1.0
1875,Gadget Y,Clothing,Warehouse 3,Aisle 2,150.0,9.99,Supplier B,Low Stock,15-01-2023,1498.5,0.5
1181,Widget C,Electronics,Warehouse 2,Aisle 1,50.0,29.99,Supplier A,In Stock,05-03-2023,1499.5,1.0
1166,Gadget Y,Clothing,Warehouse 2,Aisle 1,100.0,29.99,Supplier B,Out of Stock,25-04-2023,2999.0,0.0
1090,Gadget Z,Furniture,Warehouse 2,Aisle 2,150.0,19.99,Supplier A,Low Stock,20-12-2022,2998.4999999999995,0.5
1713,Widget B,Clothing,Warehouse 3,Aisle 5,300.0,9.99,Supplier D,Out of Stock,15-01-2023,2997.0,0.0
1857,Widget C,Furniture,Warehouse 3,Aisle 2,150.0,19.99,Supplier B,Out of Stock,15-01-2023,2998.4999999999995,0.0
1530,Widget B,Toys,Warehouse 1,Aisle 1,100.0,49.99,Supplier B,Low Stock,05-03-2023,4999.0,0.5
1038,Widget A,Furniture,Warehouse 1,Aisle 2,200.0,29.99,Supplier C,In Stock,25-04-2023,5998.0,1.0
1125,Widget B,Clothing,Warehouse 3,Aisle 2,50.0,29.99,Supplier D,Out of Stock,25-04-2023,1499.5,0.0
1450,Widget A,Electronics,Warehouse 2,Aisle 5,200.0,9.99,Supplier D,Out of Stock,05-03-2023,1998.0,0.0
1172,Widget A,Furniture,Warehouse 2,Aisle 4,300.0,29.99,Supplier C,Low Stock,15-01-2023,8997.0,0.5
1652,Widget B,Toys,Warehouse 2,Aisle 1,300.0,9.99,Supplier C,Low Stock,20-12-2022,2997.0,0.5
1753,Widget C,Furniture,Warehouse 1,Aisle 5,200.0,9.99,Supplier A,Low Stock,15-01-2023,1998.0,0.5
1219,Gadget Z,Furniture,Warehouse 2,Aisle 2,100.0,19.99,Supplier A,Low Stock,25-04-2023,1998.9999999999998,0.5
1637,Gadget Y,Furniture,Warehouse 1,Aisle 2,200.0,29.99,Supplier B,Low Stock,15-01-2023,5998.0,0.5
1057,Gadget Y,Toys,Warehouse 1,Aisle 4,150.0,9.99,Supplier B,Low Stock,20-12-2022,1498.5,0.5
1659,Gadget Z,Clothing,Warehouse 2,Aisle 1,200.0,19.99,Supplier B,In Stock,Not Available,3997.9999999999995,1.0
1475,Widget A,Furniture,Warehouse 2,Aisle 1,50.0,29.99,Supplier B,Out of Stock,15-01-2023,1499.5,0.0
1455,Widget A,Furniture,Warehouse 3,Aisle 3,50.0,19.99,Supplier A,In Stock,05-03-2023,999.4999999999999,1.0
1828,Widget C,Electronics,Warehouse 3,Aisle 1,150.0,19.99,Supplier D,In Stock,Not Available,2998.4999999999995,1.0
1894,Gadget X,Toys,Warehouse 2,Aisle 4,50.0,9.99,Supplier B,Low Stock,05-03-2023,499.5,0.5
1360,Widget B,Furniture,Warehouse 1,Aisle 3,200.0,49.99,Supplier D,Out of Stock,05-03-2023,9998.0,0.0
1934,Widget A,Toys,Warehouse 1,Aisle 3,50.0,49.99,Supplier B,In Stock,05-03-2023,2499.5,1.0
1000,Gadget Y,Furniture,Warehouse 1,Aisle 2,100.0,49.99,Supplier C,Low Stock,15-01-2023,4999.0,0.5
1386,Widget C,Clothing,Warehouse 1,Aisle 2,50.0,19.99,Supplier B,Low Stock,25-04-2023,999.4999999999999,0.5
1972,Widget B,Clothing,Warehouse 1,Aisle 1,150.0,9.99,Supplier B,Out of Stock,Not Available,1498.5,0.0
1347,Widget C,Furniture,Warehouse 3,Aisle 3,100.0,29.99,Supplier B,In Stock,20-12-2022,2999.0,1.0
1189,Widget B,Clothing,Warehouse 2,Aisle 2,150.0,19.99,Supplier A,In Stock,25-04-2023,2998.4999999999995,1.0
1504,Widget B,Furniture,Warehouse 3,Aisle 4,150.0,19.99,Supplier C,In Stock,15-01-2023,2998.4999999999995,1.0
1190,Gadget Z,Clothing,Warehouse 1,Aisle 2,200.0,9.99,Supplier B,Low Stock,05-03-2023,1998.0,0.5
1507,Widget A,Electronics,Warehouse 1,Aisle 2,200.0,29.99,Supplier B,Out of Stock,20-12-2022,5998.0,0.0
1368,Widget C,Electronics,Warehouse 1,Aisle 3,200.0,19.99,Supplier D,Out of Stock,Not Available,3997.9999999999995,0.0
1408,Widget C,Electronics,Warehouse 1,Aisle 3,150.0,29.99,Supplier C,In Stock,25-04-2023,4498.5,1.0
1823,Gadget Z,Toys,Warehouse 2,Aisle 5,150.0,29.99,Supplier B,Low Stock,25-04-2023,4498.5,0.5
1928,Gadget Y,Toys,Warehouse 1,Aisle 4,150.0,49.99,Supplier D,In Stock,20-12-2022,7498.5,1.0
1933,Gadget Y,Electronics,Warehouse 2,Aisle 3,100.0,9.99,Supplier D,Out of Stock,15-01-2023,999.0,0.0
1116,Widget A,Toys,Warehouse 1,Aisle 1,300.0,29.99,Supplier A,Low Stock,Not Available,8997.0,0.5
1133,Widget A,Clothing,Warehouse 2,Aisle 4,100.0,9.99,Supplier D,In Stock,20-12-2022,999.0,1.0
1057,Gadget X,Furniture,Warehouse 3,Aisle 4,200.0,49.99,Supplier B,In Stock,05-03-2023,9998.0,1.0
1555,Gadget Z,Furniture,Warehouse 1,Aisle 3,300.0,9.99,Supplier A,Low Stock,Not Available,2997.0,0.5
1684,Gadget Y,Furniture,Warehouse 2,Aisle 4,50.0,19.99,Supplier A,Out of Stock,25-04-2023,999.4999999999999,0.0
1671,Widget B,Electronics,Warehouse 3,Aisle 3,200.0,29.99,Supplier B,Low Stock,20-12-2022,5998.0,0.5
1172,Widget C,Toys,Warehouse 1,Aisle 2,150.0,9.99,Supplier C,In Stock,25-04-2023,1498.5,1.0
1828,Widget A,Clothing,Warehouse 1,Aisle 5,100.0,29.99,Supplier D,In Stock,25-04-2023,2999.0,1.0
1814,Widget C,Clothing,Warehouse 1,Aisle 2,150.0,9.99,Supplier A,In Stock,25-04-2023,1498.5,1.0
1148,Widget C,Electronics,Warehouse 2,Aisle 3,100.0,29.99,Supplier C,In Stock,15-01-2023,2999.0,1.0
1079,Gadget X,Clothing,Warehouse 2,Aisle 3,150.0,49.99,Supplier B,Out of Stock,25-04-2023,7498.5,0.0
1885,Gadget Y,Clothing,Warehouse 3,Aisle 2,300.0,49.99,Supplier D,Out of Stock,05-03-2023,14997.0,0.0
1212,Widget A,Clothing,Warehouse 2,Aisle 1,150.0,29.99,Supplier D,In Stock,05-03-2023,4498.5,1.0
1202,Widget C,Clothing,Warehouse 2,Aisle 1,300.0,19.99,Supplier A,Out of Stock,Not Available,5996.999999999999,0.0
1763,Widget A,Toys,Warehouse 1,Aisle 1,150.0,19.99,Supplier D,Out of Stock,25-04-2023,2998.4999999999995,0.0
1228,Widget B,Clothing,Warehouse 1,Aisle 3,100.0,49.99,Supplier D,Out of Stock,25-04-2023,4999.0,0.0
1675,Gadget X,Furniture,Warehouse 1,Aisle 4,150.0,49.99,Supplier D,In Stock,20-12-2022,7498.5,1.0
1226,Widget B,Electronics,Warehouse 1,Aisle 3,300.0,29.99,Supplier D,Low Stock,15-01-2023,8997.0,0.5
1658,Widget A,Toys,Warehouse 1,Aisle 4,150.0,19.99,Supplier B,Low Stock,Not Available,2998.4999999999995,0.5
1531,Widget A,Clothing,Warehouse 1,Aisle 2,200.0,49.99,Supplier C,Low Stock,25-04-2023,9998.0,0.5
1440,Gadget Y,Toys,Warehouse 1,Aisle 5,200.0,19.99,Supplier B,In Stock,20-12-2022,3997.9999999999995,1.0
1401,Widget C,Clothing,Warehouse 3,Aisle 4,300.0,49.99,Supplier B,Out of Stock,15-01-2023,14997.0,0.0
1046,Widget C,Furniture,Warehouse 3,Aisle 1,150.0,9.99,Supplier A,Out of Stock,Not Available,1498.5,0.0
1232,Widget B,Electronics,Warehouse 3,Aisle 3,300.0,29.99,Supplier D,In Stock,Not Available,8997.0,1.0
1304,Gadget X,Clothing,Warehouse 3,Aisle 2,100.0,9.99,Supplier B,In Stock,25-04-2023,999.0,1.0
1525,Gadget Z,Clothing,Warehouse 1,Aisle 1,150.0,49.99,Supplier D,Low Stock,Not Available,7498.5,0.5
1142,Widget C,Clothing,Warehouse 3,Aisle 2,100.0,29.99,Supplier B,Low Stock,20-12-2022,2999.0,0.5
1414,Gadget Y,Clothing,Warehouse 1,Aisle 5,200.0,29.99,Supplier B,In Stock,Not Available,5998.0,1.0
1512,Widget B,Electronics,Warehouse 3,Aisle 3,150.0,49.99,Supplier A,Low Stock,05-03-2023,7498.5,0.5
1372,Widget B,Electronics,Warehouse 2,Aisle 3,300.0,49.99,Supplier C,Out of Stock,20-12-2022,14997.0,0.0
1565,Gadget Z,Furniture,Warehouse 3,Aisle 5,100.0,19.99,Supplier C,In Stock,15-01-2023,1998.9999999999998,1.0
1885,Gadget Y,Electronics,Warehouse 3,Aisle 3,50.0,49.99,Supplier B,In Stock,15-01-2023,2499.5,1.0
1258,Gadget X,Clothing,Warehouse 1,Aisle 4,150.0,29.99,Supplier A,Out of Stock,25-04-2023,4498.5,0.0
1655,Gadget Y,Furniture,Warehouse 3,Aisle 2,150.0,49.99,Supplier D,Out of Stock,25-04-2023,7498.5,0.0
1470,Gadget X,Furniture,Warehouse 2,Aisle 1,50.0,29.99,Supplier D,Out of Stock,05-03-2023,1499.5,0.0
1952,Gadget Y,Furniture,Warehouse 1,Aisle 5,200.0,49.99,Supplier B,Low Stock,15-01-2023,9998.0,0.5
1970,Gadget Y,Clothing,Warehouse 1,Aisle 4,150.0,19.99,Supplier C,In Stock,15-01-2023,2998.4999999999995,1.0
1011,Widget A,Toys,Warehouse 3,Aisle 1,150.0,29.99,Supplier A,Low Stock,15-01-2023,4498.5,0.5
1329,Widget B,Clothing,Warehouse 1,Aisle 1,50.0,9.99,Supplier C,Out of Stock,15-01-2023,499.5,0.0
1735,Gadget Y,Electronics,Warehouse 1,Aisle 5,300.0,29.99,Supplier D,Low Stock,Not Available,8997.0,0.5
1783,Gadget Z,Electronics,Warehouse 1,Aisle 4,50.0,19.99,Supplier C,Out of Stock,20-12-2022,999.4999999999999,0.0
1967,Gadget Y,Clothing,Warehouse 1,Aisle 1,200.0,29.99,Supplier D,Low Stock,20-12-2022,5998.0,0.5
1357,Widget C,Clothing,Warehouse 1,Aisle 1,200.0,49.99,Supplier A,Low Stock,05-03-2023,9998.0,0.5
1971,Widget B,Furniture,Warehouse 1,Aisle 4,100.0,49.99,Supplier A,Out of Stock,Not Available,4999.0,0.0
1407,Widget C,Clothing,Warehouse 2,Aisle 3,150.0,19.99,Supplier B,Low Stock,15-01-2023,2998.4999999999995,0.5
1667,Widget B,Furniture,Warehouse 3,Aisle 1,100.0,29.99,Supplier B,In Stock,15-01-2023,2999.0,1.0
1372,Widget C,Electronics,Warehouse 2,Aisle 2,50.0,49.99,Supplier C,Low Stock,25-04-2023,2499.5,0.5
1007,Gadget Y,Furniture,Warehouse 1,Aisle 4,150.0,9.99,Supplier A,Low Stock,25-04-2023,1498.5,0.5
1121,Gadget Y,Clothing,Warehouse 1,Aisle 1,150.0,19.99,Supplier A,In Stock,05-03-2023,2998.4999999999995,1.0
1347,Widget A,Electronics,Warehouse 3,Aisle 5,200.0,29.99,Supplier B,Out of Stock,15-01-2023,5998.0,0.0
1675,Gadget Z,Toys,Warehouse 2,Aisle 2,150.0,29.99,Supplier D,In Stock,05-03-2023,4498.5,1.0
1089,Widget C,Furniture,Warehouse 3,Aisle 1,150.0,9.99,Supplier C,Low Stock,Not Available,1498.5,0.5
1647,Gadget X,Electronics,Warehouse 2,Aisle 2,150.0,49.99,Supplier C,Out of Stock,20-12-2022,7498.5,0.0
1697,Widget A,Furniture,Warehouse 1,Aisle 2,50.0,19.99,Supplier B,Low Stock,15-01-2023,999.4999999999999,0.5
1315,Widget C,Electronics,Warehouse 3,Aisle 3,150.0,9.99,Supplier A,Low Stock,Not Available,1498.5,0.5
1177,Widget C,Electronics,Warehouse 3,Aisle 2,300.0,49.99,Supplier B,In Stock,15-01-2023,14997.0,1.0
1539,Widget A,Furniture,Warehouse 1,Aisle 3,150.0,19.99,Supplier B,In Stock,25-04-2023,2998.4999999999995,1.0
1731,Gadget Y,Toys,Warehouse 3,Aisle 4,150.0,29.99,Supplier B,Out of Stock,05-03-2023,4498.5,0.0
1868,Widget C,Electronics,Warehouse 2,Aisle 3,100.0,19.99,Supplier B,Out of Stock,25-04-2023,1998.9999999999998,0.0
1040,Gadget Y,Electronics,Warehouse 2,Aisle 5,50.0,29.99,Supplier D,Out of Stock,20-12-2022,1499.5,0.0
1739,Widget A,Electronics,Warehouse 2,Aisle 1,200.0,19.99,Supplier D,Low Stock,25-04-2023,3997.9999999999995,0.5
1703,Gadget Y,Toys,Warehouse 2,Aisle 4,100.0,29.99,Supplier A,In Stock,15-01-2023,2999.0,1.0
1922,Widget B,Toys,Warehouse 1,Aisle 4,150.0,19.99,Supplier B,In Stock,25-04-2023,2998.4999999999995,1.0
1501,Gadget X,Clothing,Warehouse 3,Aisle 5,50.0,29.99,Supplier D,In Stock,15-01-2023,1499.5,1.0
1958,Widget C,Furniture,Warehouse 2,Aisle 3,300.0,29.99,Supplier A,Out of Stock,20-12-2022,8997.0,0.0
1144,Gadget Z,Toys,Warehouse 1,Aisle 1,50.0,49.99,Supplier B,In Stock,25-04-2023,2499.5,1.0
1200,Gadget X,Furniture,Warehouse 3,Aisle 3,150.0,29.99,Supplier C,In Stock,05-03-2023,4498.5,1.0
1928,Gadget Y,Clothing,Warehouse 3,Aisle 2,150.0,29.99,Supplier D,In Stock,05-03-2023,4498.5,1.0
1723,Widget C,Furniture,Warehouse 1,Aisle 3,150.0,29.99,Supplier A,Out of Stock,05-03-2023,4498.5,0.0
1460,Gadget Y,Toys,Warehouse 1,Aisle 4,200.0,29.99,Supplier C,In Stock,25-04-2023,5998.0,1.0
1731,Widget B,Furniture,Warehouse 2,Aisle 1,150.0,9.99,Supplier B,Out of Stock,25-04-2023,1498.5,0.0
1751,Widget A,Toys,Warehouse 3,Aisle 3,50.0,29.99,Supplier B,In Stock,25-04-2023,1499.5,1.0
1924,Widget C,Furniture,Warehouse 3,Aisle 1,150.0,9.99,Supplier B,In Stock,15-01-2023,1498.5,1.0
1908,Widget B,Toys,Warehouse 1,Aisle 1,150.0,29.99,Supplier D,In Stock,20-12-2022,4498.5,1.0
1557,Widget B,Toys,Warehouse 3,Aisle 2,300.0,29.99,Supplier A,Out of Stock,05-03-2023,8997.0,0.0
1546,Widget C,Furniture,Warehouse 2,Aisle 2,150.0,9.99,Supplier C,Out of Stock,15-01-2023,1498.5,0.0
1252,Gadget Y,Clothing,Warehouse 3,Aisle 4,200.0,29.99,Supplier A,In Stock,05-03-2023,5998.0,1.0
1389,Gadget Z,Electronics,Warehouse 1,Aisle 5,300.0,29.99,Supplier D,Low Stock,15-01-2023,8997.0,0.5
1593,Widget B,Clothing,Warehouse 1,Aisle 1,100.0,29.99,Supplier A,Out of Stock,25-04-2023,2999.0,0.0
1882,Gadget X,Furniture,Warehouse 2,Aisle 5,200.0,9.99,Supplier D,Out of Stock,05-03-2023,1998.0,0.0
1255,Widget B,Clothing,Warehouse 2,Aisle 4,150.0,9.99,Supplier B,In Stock,25-04-2023,1498.5,1.0
1708,Gadget Z,Toys,Warehouse 3,Aisle 1,200.0,29.99,Supplier C,Low Stock,05-03-2023,5998.0,0.5
1814,Gadget Y,Electronics,Warehouse 3,Aisle 1,150.0,19.99,Supplier B,In Stock,Not Available,2998.4999999999995,1.0
1920,Gadget Y,Furniture,Warehouse 1,Aisle 5,100.0,29.99,Supplier A,Out of Stock,15-01-2023,2999.0,0.0
1449,Gadget X,Furniture,Warehouse 2,Aisle 3,150.0,29.99,Supplier B,Out of Stock,Not Available,4498.5,0.0
1009,Widget B,Furniture,Warehouse 2,Aisle 2,100.0,29.99,Supplier C,In Stock,15-01-2023,2999.0,1.0
1823,Gadget Y,Electronics,Warehouse 2,Aisle 3,300.0,19.99,Supplier B,In Stock,20-12-2022,5996.999999999999,1.0
1797,Gadget Z,Toys,Warehouse 3,Aisle 5,150.0,9.99,Supplier C,Low Stock,05-03-2023,1498.5,0.5
1241,Widget C,Furniture,Warehouse 2,Aisle 2,100.0,49.99,Supplier C,Low Stock,20-12-2022,4999.0,0.5
1250,Widget A,Clothing,Warehouse 1,Aisle 3,100.0,49.99,Supplier B,Out of Stock,20-12-2022,4999.0,0.0
